{
    "criteria": {
      "trigger": {
        "trigger": "minecraft:location",
        "conditions": {
          "player": [
            {
              "condition": "minecraft:entity_scores",
              "entity": "this",
              "scores": {
                "ench_breakfast_cooldown": {
                  "min": 1,
                  "max": 1
                }
              }
            }
          ]
        }
      }
    },
    "rewards": {
      "function": "lib_extra:cd_now/breakfast"
    }
  }
  