{
  "criteria": {
    "criteria_1": {
      "trigger": "minecraft:default_block_use",
      "conditions": {
        "player": [
          {
            "condition": "minecraft:any_of",
            "terms": [
              {
                "condition": "minecraft:entity_properties",
                "entity": "this",
                "predicate": {
                  "equipment": {
                    "mainhand": {
                      "items": "minecraft:bow",
                      "components": {
                        "minecraft:max_damage": 384
                      }
                    }
                  }
                }
              },
              {
                "condition": "minecraft:entity_properties",
                "entity": "this",
                "predicate": {
                  "equipment": {
                    "mainhand": {
                      "items": "minecraft:crossbow",
                      "components": {
                        "minecraft:max_damage": 465
                      }
                    }
                  }
                }
              }
            ]
          }
        ],
        "location": [
          {
            "condition": "minecraft:block_state_property",
            "block": "minecraft:smithing_table",
            "properties": {}
          }
        ]
      }
    },
    "criteria_2": {
      "trigger": "minecraft:location"
    }
  },
  "requirements": [
    [
      "criteria_1"
    ],
    [
      "criteria_2"
    ]
  ],
  "rewards": {
    "function": "lib_extra:gt_item/range"
  }
}
