{
  "model": {
    "type": "range_dispatch",
    "property": "custom_model_data",
    "fallback": {
      "type": "model",
      "model": "minecraft:item/archer_pottery_sherd"
    },
    "entries": [
      {
        "threshold": 1,
        "model": {
          "type": "model",
          "model": "minecraft:item/arcade_entities/item_macro_shield"
        }
      },
      {
        "threshold": 2,
        "model": {
          "type": "model",
          "model": "minecraft:item/arcade_entities/item_aoe_shield",
          "tints": [
            {
              "type": "minecraft:custom_model_data",
              "default": 14933726
            }
          ]
        }
      }
    ]
  }
}