{
  "model": {
    "type": "range_dispatch",
    "property": "custom_model_data",
    "fallback": {
      "type": "model",
      "model": "minecraft:item/archer_pottery_sherd"
    },
    "entries": [
      {
        "threshold": 1,
        "model": {
          "type": "model",
          "model": "minecraft:item/arcade_items/skull_command_husk"
        }
      },
      {
        "threshold": 2,
        "model": {
          "type": "model",
          "model": "minecraft:item/arcade_items/skull_command_skeleton"
        }
      },
      {
        "threshold": 3,
        "model": {
          "type": "model",
          "model": "minecraft:item/arcade_items/skull_macro_zombie"
        }
      },
      {
        "threshold": 4,
        "model": {
          "type": "model",
          "model": "minecraft:item/arcade_items/skull_brawler_skeleton"
        }
      },
      {
        "threshold": 5,
        "model": {
          "type": "model",
          "model": "minecraft:item/arcade_items/skull_unknownerror_zombie"
        }
      },
      {
        "threshold": 6,
        "model": {
          "type": "model",
          "model": "minecraft:item/arcade_items/skull_cooldown_zombie"
        }
      },
      {
        "threshold": 7,
        "model": {
          "type": "model",
          "model": "minecraft:item/arcade_items/skull_keeper_husk"
        }
      },
	  {
        "threshold": 8,
        "model": {
          "type": "model",
          "model": "minecraft:item/arcade_items/end_core"
        }
      },
	  {
        "threshold": 9,
        "model": {
          "type": "model",
          "model": "minecraft:item/arcade_items/winner_crown"
        }
      }
    ]
  }
}