{
  "model": {
    "type": "range_dispatch",
    "property": "custom_model_data",
    "fallback": {
      "type": "model",
      "model": "minecraft:item/barrier"
    },
    "entries": [
      {
        "threshold": 1,
        "model": {
          "type": "model",
          "model": "minecraft:item/enchplus_entities/marked_entity"
        }
      },
	  {
        "threshold": 2,
        "model": {
          "type": "model",
          "model": "minecraft:item/enchplus_entities/damage_fracture"
        }
      },
	  {
        "threshold": 3,
        "model": {
          "type": "model",
          "model": "minecraft:item/enchplus_entities/radiant_core"
        }
      },
	  {
        "threshold": 4,
        "model": {
          "type": "model",
          "model": "minecraft:item/enchplus_entities/radiant_aura"
        }
      }
    ]
  }
}