{
    "condition": "minecraft:any_of",
    "terms": [
      {
        "condition": "minecraft:entity_properties",
        "entity": "this",
        "predicate": {
          "equipment": {
            "body": {
              "predicates": {
                "minecraft:damage": {
                  "damage": {
                    "min": 0,
                    "max": 10
                  }
                }
              }
            }
          }
        }
      },
      {
        "condition": "minecraft:entity_properties",
        "entity": "this",
        "predicate": {
          "equipment": {
            "body": {
              "predicates": {
                "minecraft:damage": {
                  "damage": 20
                }
              }
            }
          }
        }
      },
      {
        "condition": "minecraft:entity_properties",
        "entity": "this",
        "predicate": {
          "equipment": {
            "body": {
              "predicates": {
                "minecraft:damage": {
                  "damage": 30
                }
              }
            }
          }
        }
      },
      {
        "condition": "minecraft:entity_properties",
        "entity": "this",
        "predicate": {
          "equipment": {
            "body": {
              "predicates": {
                "minecraft:damage": {
                  "damage": 40
                }
              }
            }
          }
        }
      },
      {
        "condition": "minecraft:entity_properties",
        "entity": "this",
        "predicate": {
          "equipment": {
            "body": {
              "predicates": {
                "minecraft:damage": {
                  "damage": 50
                }
              }
            }
          }
        }
      },
      {
        "condition": "minecraft:entity_properties",
        "entity": "this",
        "predicate": {
          "equipment": {
            "body": {
              "predicates": {
                "minecraft:damage": {
                  "damage": 60
                }
              }
            }
          }
        }
      }
    ]
  }