{
  "description": [
    [
      "",
	  {
        "text": "| ",
        "color": "gold",
        "italic": false,
        "bold": true
      },
      {
        "translate": "ench_plus.sweep.name",
        "color": "yellow",
        "bold": false
      },
      {
        "translate": "ench_plus.sweep.lore",
        "fallback": " ",
        "color": "white"
      }
    ]
  ],
  "supported_items": "#ench_plus:sword",
  "weight": 1,
  "max_level": 1,
  "min_cost": {
    "base": 2147483647,
    "per_level_above_first": 0
  },
  "max_cost": {
    "base": 2147483647,
    "per_level_above_first": 0
  },
  "anvil_cost": 2147483647,
  "slots": [
    "mainhand"
  ],
  "effects": {
    "minecraft:location_changed": [
      {
        "effect": {
          "type": "minecraft:attribute",
          "id": "minecraft:enchantment.sweeping_edge",
          "attribute": "minecraft:sweeping_damage_ratio",
          "amount": 0.75,
          "operation": "add_value"
        },
        "requirements": {
          "condition": "minecraft:all_of",
          "terms": [
            {
              "condition": "minecraft:value_check",
              "value": {
                "type": "minecraft:storage",
                "storage": "lib:enchplus_disable",
                "path": "list.sweep"
              },
              "range": 0
            }
          ]
        }
      }
    ]
  }
}