{
    "condition": "minecraft:inverted",
    "term": {
      "condition": "minecraft:entity_properties",
      "entity": "this",
      "predicate": {
        "type": [
          "minecraft:allay",
          "minecraft:armadillo",
          "minecraft:axolotl",
          "minecraft:bat",
          "minecraft:camel",
          "minecraft:cat",
          "minecraft:chicken",
          "minecraft:cod",
          "minecraft:cow",
          "minecraft:donkey",
          "minecraft:frog",
          "minecraft:glow_squid",
          "minecraft:horse",
          "minecraft:mooshroom",
          "minecraft:mule",
          "minecraft:ocelot",
          "minecraft:parrot",
          "minecraft:pig",
          "minecraft:pufferfish",
          "minecraft:rabbit",
          "minecraft:salmon",
          "minecraft:sheep",
          "minecraft:skeleton_horse",
          "minecraft:sniffer",
          "minecraft:snow_golem",
          "minecraft:squid",
          "minecraft:strider",
          "minecraft:tadpole",
          "minecraft:tropical_fish",
          "minecraft:turtle",
          "minecraft:villager",
          "minecraft:wandering_trader"
        ]
      }
    }
  }
  