{
  "description": [
    [
      "",
	  {
        "text": "| ",
        "color": "dark_aqua",
        "italic": false,
        "bold": true
      },
      {
        "translate": "ench_plus.soul_breaker.name",
        "color": "aqua",
        "bold": false
      },
      {
        "translate": "ench_plus.soul_breaker.lore",
        "fallback": " ",
        "color": "white"
      }
    ]
  ],
  "supported_items": "#ench_plus:axe",
  "weight": 1,
  "max_level": 1,
  "min_cost": {
    "base": 2147483647,
    "per_level_above_first": 0
  },
  "max_cost": {
    "base": 2147483647,
    "per_level_above_first": 0
  },
  "anvil_cost": 2147483647,
  "slots": [
    "mainhand"
  ],
  "effects": {
    "minecraft:post_attack": [
      {
        "enchanted": "attacker",
        "affected": "victim",
        "effect": {
          "type": "minecraft:run_function",
          "function": "ench_plus:enchantment/melee/soulbreaker/base/initial"
        },
        "requirements": {
          "condition": "minecraft:all_of",
          "terms": [
            {
              "condition": "minecraft:entity_properties",
              "entity": "this",
              "predicate": {
                "nbt": "{Health:0.0f}"
              }
            },
            {
              "condition": "minecraft:entity_scores",
              "entity": "attacker",
              "scores": {
                "lib.rng": {
                  "min": 1,
                  "max": 10
                }
              }
            },
            {
              "condition": "minecraft:damage_source_properties",
              "predicate": {
                "is_direct": true
              }
            },
            {
              "condition": "minecraft:entity_properties",
              "entity": "attacker",
              "predicate": {
                "type": "minecraft:player"
              }
            },
            {
              "condition": "minecraft:value_check",
              "value": {
                "type": "minecraft:storage",
                "storage": "lib:enchplus_disable",
                "path": "list.soul_breaker"
              },
              "range": 0
            }
          ]
        }
      }
    ]
  }
}
