{
  "description": [
    [
      "",
      {
        "text": "| ",
        "color": "dark_aqua",
        "bold": true,
        "italic": false
      },
      {
        "translate": "ench_plus.weak_point.name",
        "color": "aqua",
        "bold": false
      },
      {
        "translate": "ench_plus.weak_point.lore",
        "fallback": " ",
        "color": "white"
      }
    ]
  ],
  "supported_items": "#ench_plus:axe",
  "weight": 1,
  "max_level": 1,
  "min_cost": {
    "base": 2147483647,
    "per_level_above_first": 0
  },
  "max_cost": {
    "base": 2147483647,
    "per_level_above_first": 0
  },
  "anvil_cost": 2147483647,
  "slots": [
    "mainhand"
  ],
  "effects": {
    "minecraft:post_attack": [
      {
        "enchanted": "attacker",
        "affected": "victim",
        "effect": {
          "type": "minecraft:run_function",
          "function": "ench_plus:enchantment/melee/weakpoint/weak_base"
        },
        "requirements": {
          "condition": "minecraft:all_of",
          "terms": [
            {
              "condition": "minecraft:inverted",
              "term": {
                "condition": "minecraft:all_of",
                "terms": [
                  {
                    "condition": "minecraft:entity_scores",
                    "entity": "attacker",
                    "scores": {
                      "lib.cooldown": {
                        "min": 1,
                        "max": 2147483647
                      }
                    }
                  },
                  {
                    "condition": "minecraft:entity_properties",
                    "entity": "this",
                    "predicate": {
                      "nbt": "{attributes:[{id:\"minecraft:generic.follow_range\",modifiers:[{id:\"minecraft:weak_point\"}]}]}"
                    }
                  }
                ]
              }
            },
            {
              "condition": "minecraft:entity_scores",
              "entity": "attacker",
              "scores": {
                "lib.rng": {
                  "min": 1,
                  "max": 20
                }
              }
            },
            {
              "condition": "minecraft:entity_properties",
              "entity": "attacker",
              "predicate": {
                "movement": {
                  "fall_distance": {
                    "min": 0.01,
                    "max": 2147483647
                  }
                },
                "flags": {
                  "is_on_ground": false
                }
              }
            },
            {
              "condition": "minecraft:damage_source_properties",
              "predicate": {
                "is_direct": true
              }
            },
            {
              "condition": "minecraft:entity_properties",
              "entity": "attacker",
              "predicate": {
                "type": "minecraft:player"
              }
            },
            {
              "condition": "minecraft:value_check",
              "value": {
                "type": "minecraft:storage",
                "storage": "lib:enchplus_disable",
                "path": "list.weak_point"
              },
              "range": 0
            }
          ]
        }
      },
      {
        "enchanted": "attacker",
        "affected": "attacker",
        "effect": {
          "type": "minecraft:run_function",
          "function": "lib_cooldown:cooldown"
        },
        "requirements": {
          "condition": "minecraft:all_of",
          "terms": [
            {
              "condition": "minecraft:entity_properties",
              "entity": "this",
              "predicate": {
                "type": "minecraft:player"
              }
            }
          ]
        }
      }
    ]
  }
}
