{
    "criteria": {
      "requirement": {
        "trigger": "minecraft:player_killed_entity",
        "conditions": {
          "player": [
            {
              "condition": "minecraft:entity_properties",
              "entity": "this",
              "predicate": {
                "slots": {
                  "container.*": {
                    "items": "minecraft:music_disc_11",
                    "predicates": {
                      "minecraft:custom_data": "{lucky_soul:1b}"
                    }
                  }
                }
              }
            }
          ],
          "entity": [
            {
              "condition": "minecraft:inverted",
              "term": {
                "condition": "minecraft:entity_properties",
                "entity": "this",
                "predicate": {
                  "nbt": "{Tags:[\"is_soul\"]}"
                }
              }
            }
          ]
        }
      }
    },
    "rewards": {
      "function": "lib_rng:take_soul"
    }
  }
  