{
  "pools": [
    {
      "rolls": 0,
      "entries": [
        {
          "type": "minecraft:item",
          "name": "emerald",
          "functions": [
            {
              "function": "minecraft:set_components",
              "components": {
                "minecraft:max_stack_size": 99
              }
            },
            {
              "function": "minecraft:set_count",
              "count": {
                "type": "minecraft:uniform",
                "min": 1,
                "max": 3
              },
              "add": false
            }
          ],
          "conditions": [
            {
              "condition": "minecraft:inverted",
              "term": {
                "condition": "minecraft:value_check",
                "value": {
                  "type": "minecraft:storage",
                  "storage": "arcade:activity",
                  "path": "data.status.death"
                },
                "range": 1
              }
            }
          ]
        }
      ]
    }
  ]
}