{
    "type": "minecraft:chest",
    "pools": [
      {
        "rolls": 1,
        "entries": [
          {
            "type": "minecraft:item",
            "name": "emerald",
            "functions": [
              {
                "function": "minecraft:set_components",
                "components": {
                  "minecraft:max_stack_size": 99
                }
              },
              {
                "function": "minecraft:set_count",
                "count": {
                  "type": "minecraft:uniform",
                  "min": 32,
                  "max": 48
                },
                "add": false
              }
            ],
            "conditions": []
          }
        ]
      },
      {
        "rolls": 1,
        "entries": [
          {
            "type": "minecraft:item",
            "name": "emerald",
            "weight": 6,
            "functions": [
              {
                "function": "minecraft:set_components",
                "components": {
                  "minecraft:max_stack_size": 99
                }
              },
              {
                "function": "minecraft:set_count",
                "count": 12,
                "add": false
              }
            ],
            "conditions": []
          },
          {
            "type": "minecraft:item",
            "name": "minecraft:totem_of_undying",
            "weight": 5
          },
          {
            "type": "minecraft:item",
            "name": "minecraft:golden_apple",
            "weight": 4
          },
          {
            "type": "minecraft:item",
            "name": "minecraft:enchanted_golden_apple",
            "weight": 2
          },
          {
            "type": "minecraft:item",
            "name": "minecraft:splash_potion",
            "weight": 5,
            "functions": [
              {
                "function": "minecraft:set_potion",
                "id": "minecraft:long_weakness"
              }
            ]
          },
          {
            "type": "minecraft:item",
            "name": "minecraft:potion",
            "weight": 4,
            "functions": [
              {
                "function": "minecraft:set_potion",
                "id": "minecraft:regeneration"
              }
            ]
          },
          {
            "type": "minecraft:item",
            "name": "minecraft:potion",
            "weight": 2,
            "functions": [
              {
                "function": "minecraft:set_potion",
                "id": "minecraft:strong_strength"
              }
            ]
          }
        ]
      }
    ]
  }