{
    "type": "minecraft:chest",
    "pools": [
      {
        "rolls": 1,
        "entries": [
          {
            "type": "minecraft:item",
            "name": "emerald",
            "functions": [
              {
                "function": "minecraft:set_components",
                "components": {
                  "minecraft:max_stack_size": 99
                }
              },
              {
                "function": "minecraft:set_count",
                "count": 16,
                "add": false
              }
            ],
            "conditions": []
          }
        ]
      }
    ]
  }