{
  "type": "minecraft:chest",
  "pools": [
    {
      "rolls": 1,
      "entries": [
        {
          "type": "minecraft:item",
          "name": "emerald",
          "functions": [
            {
              "function": "minecraft:set_components",
              "components": {
                "minecraft:max_stack_size": 99
              }
            },
            {
              "function": "minecraft:set_count",
              "count": 16,
              "add": false
            }
          ],
          "conditions": []
        }
      ]
    },
    {
      "rolls": 1,
      "entries": [
        {
          "type": "minecraft:item",
          "name": "minecraft:name_tag",
          "functions": [
            {
              "function": "minecraft:set_name",
              "name": {
                "text": "TICKET DE ARMA GRATIS"
              }
            },
            {
              "function": "minecraft:set_count",
              "count": 3
            }
          ]
        }
      ]
    }
  ]
}