{
  "anvil_cost": 4,
  "description": {
    "translate": "enchantment.minecraft.impaling"
  },
  "effects": {
    "minecraft:damage": [
      {
        "effect": {
          "type": "minecraft:add",
          "value": {
            "type": "minecraft:linear",
            "base": 2.5,
            "per_level_above_first": 2.5
          }
        },
        "requirements": {
          "condition": "minecraft:entity_properties",
          "entity": "this",
          "predicate": {
            "type": "#minecraft:sensitive_to_impaling"
          }
        }
      }
    ]
  },
  "exclusive_set": "#minecraft:exclusive_set/damage",
  "max_cost": {
    "base": 21,
    "per_level_above_first": 8
  },
  "max_level": 5,
  "min_cost": {
    "base": 1,
    "per_level_above_first": 8
  },
  "slots": [
    "mainhand"
  ],
  "supported_items": "#minecraft:enchantable/trident",
  "weight": 2
}