{
    "type": "minecraft:block",
    "pools": [
      {
        "rolls": 1,
        "entries": [
          {
            "type": "minecraft:item",
            "name": "minecraft:emerald",
            "functions": [
              {
                "function": "minecraft:set_count",
                "count": {
                  "min": 0,
                  "max": 1
                },
                "add": true,
                "conditions": [
                  {
                    "condition": "minecraft:match_tool",
                    "predicate": {
                      "predicates": {
                        "minecraft:enchantments": [
                          {
                            "enchantments": "ench_plus:rule_base/tool/fortune",
                            "levels": 1
                          }
                        ]
                      }
                    }
                  }
                ]
              },
              {
                "function": "minecraft:set_count",
                "count": {
                  "min": 0,
                  "max": 3
                },
                "add": true,
                "conditions": [
                  {
                    "condition": "minecraft:match_tool",
                    "predicate": {
                      "predicates": {
                        "minecraft:enchantments": [
                          {
                            "enchantments": "ench_plus:rule_plus/tool/fortune",
                            "levels": 1
                          }
                        ]
                      }
                    }
                  }
                ]
              }
            ]
          }
        ]
      },
      {
        "rolls": 1,
        "entries": [
          {
            "type": "minecraft:item",
            "name": "minecraft:coal",
            "functions": [
              {
                "function": "minecraft:set_count",
                "count": {
                  "min": 1,
                  "max": 2
                },
                "add": true,
                "conditions": [
                  {
                    "condition": "minecraft:match_tool",
                    "predicate": {
                      "predicates": {
                        "minecraft:enchantments": [
                          {
                            "enchantments": "ench_plus:rule_base/tool/jackpot",
                            "levels": 1
                          }
                        ]
                      }
                    }
                  }
                ]
              },
              {
                "function": "minecraft:set_count",
                "count": {
                  "min": 1,
                  "max": 3
                },
                "add": true,
                "conditions": [
                  {
                    "condition": "minecraft:match_tool",
                    "predicate": {
                      "predicates": {
                        "minecraft:enchantments": [
                          {
                            "enchantments": "ench_plus:rule_plus/tool/jackpot",
                            "levels": 1
                          }
                        ]
                      }
                    }
                  }
                ]
              }
            ]
          },
          {
            "type": "minecraft:item",
            "name": "minecraft:raw_copper",
            "functions": [
              {
                "function": "minecraft:set_count",
                "count": {
                  "min": 1,
                  "max": 2
                },
                "add": true,
                "conditions": [
                  {
                    "condition": "minecraft:match_tool",
                    "predicate": {
                      "predicates": {
                        "minecraft:enchantments": [
                          {
                            "enchantments": "ench_plus:rule_base/tool/jackpot",
                            "levels": 1
                          }
                        ]
                      }
                    }
                  }
                ]
              },
              {
                "function": "minecraft:set_count",
                "count": {
                  "min": 1,
                  "max": 3
                },
                "add": true,
                "conditions": [
                  {
                    "condition": "minecraft:match_tool",
                    "predicate": {
                      "predicates": {
                        "minecraft:enchantments": [
                          {
                            "enchantments": "ench_plus:rule_plus/tool/jackpot",
                            "levels": 1
                          }
                        ]
                      }
                    }
                  }
                ]
              }
            ]
          },
          {
            "type": "minecraft:item",
            "name": "minecraft:raw_iron",
            "functions": [
              {
                "function": "minecraft:set_count",
                "count": {
                  "min": 1,
                  "max": 2
                },
                "add": true,
                "conditions": [
                  {
                    "condition": "minecraft:match_tool",
                    "predicate": {
                      "predicates": {
                        "minecraft:enchantments": [
                          {
                            "enchantments": "ench_plus:rule_base/tool/jackpot",
                            "levels": 1
                          }
                        ]
                      }
                    }
                  }
                ]
              },
              {
                "function": "minecraft:set_count",
                "count": {
                  "min": 1,
                  "max": 3
                },
                "add": true,
                "conditions": [
                  {
                    "condition": "minecraft:match_tool",
                    "predicate": {
                      "predicates": {
                        "minecraft:enchantments": [
                          {
                            "enchantments": "ench_plus:rule_plus/tool/jackpot",
                            "levels": 1
                          }
                        ]
                      }
                    }
                  }
                ]
              }
            ]
          },
          {
            "type": "minecraft:item",
            "name": "minecraft:raw_gold",
            "functions": [
              {
                "function": "minecraft:set_count",
                "count": {
                  "min": 1,
                  "max": 2
                },
                "add": true,
                "conditions": [
                  {
                    "condition": "minecraft:match_tool",
                    "predicate": {
                      "predicates": {
                        "minecraft:enchantments": [
                          {
                            "enchantments": "ench_plus:rule_base/tool/jackpot",
                            "levels": 1
                          }
                        ]
                      }
                    }
                  }
                ]
              },
              {
                "function": "minecraft:set_count",
                "count": {
                  "min": 1,
                  "max": 3
                },
                "add": true,
                "conditions": [
                  {
                    "condition": "minecraft:match_tool",
                    "predicate": {
                      "predicates": {
                        "minecraft:enchantments": [
                          {
                            "enchantments": "ench_plus:rule_plus/tool/jackpot",
                            "levels": 1
                          }
                        ]
                      }
                    }
                  }
                ]
              }
            ]
          },
          {
            "type": "minecraft:item",
            "name": "minecraft:redstone",
            "functions": [
              {
                "function": "minecraft:set_count",
                "count": {
                  "min": 1,
                  "max": 2
                },
                "add": true,
                "conditions": [
                  {
                    "condition": "minecraft:match_tool",
                    "predicate": {
                      "predicates": {
                        "minecraft:enchantments": [
                          {
                            "enchantments": "ench_plus:rule_base/tool/jackpot",
                            "levels": 1
                          }
                        ]
                      }
                    }
                  }
                ]
              },
              {
                "function": "minecraft:set_count",
                "count": {
                  "min": 1,
                  "max": 3
                },
                "add": true,
                "conditions": [
                  {
                    "condition": "minecraft:match_tool",
                    "predicate": {
                      "predicates": {
                        "minecraft:enchantments": [
                          {
                            "enchantments": "ench_plus:rule_plus/tool/jackpot",
                            "levels": 1
                          }
                        ]
                      }
                    }
                  }
                ]
              }
            ]
          },
          {
            "type": "minecraft:item",
            "name": "minecraft:lapis_lazuli",
            "functions": [
              {
                "function": "minecraft:set_count",
                "count": {
                  "min": 1,
                  "max": 2
                },
                "add": true,
                "conditions": [
                  {
                    "condition": "minecraft:match_tool",
                    "predicate": {
                      "predicates": {
                        "minecraft:enchantments": [
                          {
                            "enchantments": "ench_plus:rule_base/tool/jackpot",
                            "levels": 1
                          }
                        ]
                      }
                    }
                  }
                ]
              },
              {
                "function": "minecraft:set_count",
                "count": {
                  "min": 1,
                  "max": 3
                },
                "add": true,
                "conditions": [
                  {
                    "condition": "minecraft:match_tool",
                    "predicate": {
                      "predicates": {
                        "minecraft:enchantments": [
                          {
                            "enchantments": "ench_plus:rule_plus/tool/jackpot",
                            "levels": 1
                          }
                        ]
                      }
                    }
                  }
                ]
              }
            ]
          },
          {
            "type": "minecraft:item",
            "name": "minecraft:emerald",
            "functions": [
              {
                "function": "minecraft:set_count",
                "count": {
                  "min": 1,
                  "max": 2
                },
                "add": true,
                "conditions": [
                  {
                    "condition": "minecraft:match_tool",
                    "predicate": {
                      "predicates": {
                        "minecraft:enchantments": [
                          {
                            "enchantments": "ench_plus:rule_base/tool/jackpot",
                            "levels": 1
                          }
                        ]
                      }
                    }
                  }
                ]
              },
              {
                "function": "minecraft:set_count",
                "count": {
                  "min": 1,
                  "max": 3
                },
                "add": true,
                "conditions": [
                  {
                    "condition": "minecraft:match_tool",
                    "predicate": {
                      "predicates": {
                        "minecraft:enchantments": [
                          {
                            "enchantments": "ench_plus:rule_plus/tool/jackpot",
                            "levels": 1
                          }
                        ]
                      }
                    }
                  }
                ]
              }
            ]
          },
          {
            "type": "minecraft:item",
            "name": "minecraft:diamond",
            "functions": [
              {
                "function": "minecraft:set_count",
                "count": {
                  "min": 1,
                  "max": 2
                },
                "add": true,
                "conditions": [
                  {
                    "condition": "minecraft:match_tool",
                    "predicate": {
                      "predicates": {
                        "minecraft:enchantments": [
                          {
                            "enchantments": "ench_plus:rule_base/tool/jackpot",
                            "levels": 1
                          }
                        ]
                      }
                    }
                  }
                ]
              },
              {
                "function": "minecraft:set_count",
                "count": {
                  "min": 1,
                  "max": 3
                },
                "add": true,
                "conditions": [
                  {
                    "condition": "minecraft:match_tool",
                    "predicate": {
                      "predicates": {
                        "minecraft:enchantments": [
                          {
                            "enchantments": "ench_plus:rule_plus/tool/jackpot",
                            "levels": 1
                          }
                        ]
                      }
                    }
                  }
                ]
              }
            ]
          }
        ],
        "conditions": [
          {
            "condition": "minecraft:reference",
            "name": "ench_plus:tools/jackpot"
          }
        ]
      }
    ]
  }