{
    "condition": "minecraft:any_of",
    "terms": [
      {
        "condition": "minecraft:entity_properties",
        "entity": "this",
        "predicate": {
          "equipment": {
            "mainhand": {
              "items": "minecraft:crossbow",
              "predicates": {
                "minecraft:enchantments": [
                  {
                    "enchantments": "ench_plus:rule_base/range/burst_mode",
                    "levels": 1
                  }
                ]
              }
            }
          }
        }
      },
      {
        "condition": "minecraft:entity_properties",
        "entity": "this",
        "predicate": {
          "equipment": {
            "mainhand": {
              "items": "minecraft:crossbow",
              "predicates": {
                "minecraft:enchantments": [
                  {
                    "enchantments": "ench_plus:rule_plus/range/burst_mode",
                    "levels": 1
                  }
                ]
              }
            }
          }
        }
      }
    ]
  }
  