{
  "description": "weak point-effect",
  "supported_items": "minecraft:air",
  "weight": 1,
  "max_level": 1,
  "min_cost": {
    "base": 0,
    "per_level_above_first": 0
  },
  "max_cost": {
    "base": 0,
    "per_level_above_first": 0
  },
  "anvil_cost": 0,
  "slots": [
    "head"
  ],
  "effects": {
    "minecraft:tick": [
      {
        "effect": {
          "type": "minecraft:run_function",
          "function": "ench_plus:status/weak_point/runtime"
        },
        "requirements": {
          "condition": "minecraft:all_of",
          "terms": [
            {
              "condition": "minecraft:inverted",
              "term": {
                "condition": "minecraft:entity_properties",
                "entity": "this",
                "predicate": {
                  "effects": {
                    "minecraft:haste": {
                      "amplifier": 255
                    }
                  }
                }
              }
            },
            {
              "condition": "minecraft:entity_properties",
              "entity": "this",
              "predicate": {
                "vehicle": {}
              }
            }
          ]
        }
      },
      {
        "effect": {
          "type": "minecraft:run_function",
          "function": "ench_plus:status/weak_point/warden"
        },
        "requirements": {
          "condition": "minecraft:all_of",
          "terms": [
            {
              "condition": "minecraft:time_check",
              "value": 1,
              "period": 30
            },
            {
              "condition": "minecraft:entity_properties",
              "entity": "this",
              "predicate": {
                "vehicle": {
                  "type": "minecraft:warden"
                }
              }
            }
          ]
        }
      },
      {
        "effect": {
          "type": "minecraft:run_function",
          "function": "ench_plus:status/weak_point/killtask"
        },
        "requirements": {
          "condition": "minecraft:all_of",
          "terms": [
            {
              "condition": "minecraft:time_check",
              "value": 1,
              "period": 20
            },
            {
              "condition": "minecraft:inverted",
              "term": {
                "condition": "minecraft:entity_properties",
                "entity": "this",
                "predicate": {
                  "effects": {
                    "minecraft:invisibility": {
                      "amplifier": 255
                    }
                  }
                }
              }
            }
          ]
        }
      }
    ]
  }
}
