{
	"credit": "Made with Blockbench",
	"textures": {
		"0": "item/enchplus_entities/damage_fracture/void_star_1",
		"1": "item/enchplus_entities/damage_fracture/void_area",
		"particle": "item/enchplus_entities/damage_fracture/void_star_1"
	},
	"elements": [
		{
			"name": "void_star",
			"from": [8, 3, 3],
			"to": [8, 13, 13],
			"rotation": {"angle": 0, "axis": "y", "origin": [8, 7, 7]},
			"faces": {
				"north": {"uv": [0, 0, 0, 4], "texture": "#0"},
				"east": {"uv": [0, 0, 16, 16], "texture": "#0"},
				"south": {"uv": [0, 0, 0, 4], "texture": "#0"},
				"west": {"uv": [0, 0, 16, 16], "texture": "#0"},
				"up": {"uv": [0, 0, 0, 4], "texture": "#0"},
				"down": {"uv": [0, 0, 0, 4], "texture": "#0"}
			}
		},
		{
			"name": "void_star",
			"from": [3, 3, 8],
			"to": [13, 13, 8],
			"rotation": {"angle": 0, "axis": "y", "origin": [7, 7, 7]},
			"faces": {
				"north": {"uv": [0, 0, 16, 16], "texture": "#0"},
				"east": {"uv": [0, 0, 0, 4], "texture": "#0"},
				"south": {"uv": [0, 0, 16, 16], "texture": "#0"},
				"west": {"uv": [0, 0, 0, 4], "texture": "#0"},
				"up": {"uv": [0, 0, 4, 0], "texture": "#0"},
				"down": {"uv": [0, 0, 4, 0], "texture": "#0"}
			}
		},
		{
			"name": "area",
			"from": [-16, 8, -16],
			"to": [32, 8, 32],
			"rotation": {"angle": 0, "axis": "y", "origin": [7, 8, 7]},
			"faces": {
				"north": {"uv": [0, 0, 16, 0], "texture": "#1"},
				"east": {"uv": [0, 0, 16, 0], "texture": "#1"},
				"south": {"uv": [0, 0, 16, 0], "texture": "#1"},
				"west": {"uv": [0, 0, 16, 0], "texture": "#1"},
				"up": {"uv": [0, 0, 16, 16], "texture": "#1"},
				"down": {"uv": [0, 0, 16, 16], "texture": "#1"}
			}
		}
	],
	"display": {
		"thirdperson_righthand": {
			"scale": [0.25, 0.25, 0.25]
		},
		"thirdperson_lefthand": {
			"scale": [0.25, 0.25, 0.25]
		},
		"firstperson_righthand": {
			"rotation": [0, 51, 0],
			"translation": [0, 0, -2.75],
			"scale": [0.25, 0.25, 0.25]
		},
		"firstperson_lefthand": {
			"rotation": [0, 51, 0],
			"translation": [0, 0, -2.75],
			"scale": [0.25, 0.25, 0.25]
		},
		"ground": {
			"translation": [0, 11, 0],
			"scale": [2, 2, 2]
		},
		"gui": {
			"rotation": [51, 39, 0],
			"scale": [0.3, 0.3, 0.3]
		},
		"head": {
			"translation": [0, 14, 0]
		}
	},
	"groups": [
		{
			"name": "center",
			"origin": [8, 8, 8],
			"color": 0,
			"children": [0, 1]
		},
		2
	]
}