{
  "carvers": [],
  "downfall": 0.4,
  "effects": {
    "fog_color": 12638463,
    "music_volume": 1,
    "sky_color": 8625919,
    "water_color": 4020182,
    "water_fog_color": 329011
  },
  "features": [],
  "has_precipitation": false,
  "spawn_costs": {},
  "spawners": {
    "ambient": [],
    "axolotls": [],
    "creature": [],
    "misc": [],
    "monster": [],
    "underground_water_creature": [],
    "water_ambient": [],
    "water_creature": []
  },
  "temperature": -0.5
}