{
  "carvers": [],
  "downfall": 0.4,
  "effects": {
    "fog_color": 8484720,
    "foliage_color": 8883574,
    "grass_color": 7832178,
    "music_volume": 1,
    "sky_color": 12171705,
    "water_color": 7768221,
    "water_fog_color": 5597568
  },
  "features": [],
  "has_precipitation": false,
  "spawn_costs": {},
  "spawners": {
    "ambient": [],
    "axolotls": [],
    "creature": [],
    "misc": [],
    "monster": [],
    "underground_water_creature": [],
    "water_ambient": [],
    "water_creature": []
  },
  "temperature": -0.5
}