{
    "condition": "minecraft:any_of",
    "terms": [
      {
        "condition": "minecraft:match_tool",
        "predicate": {
          "predicates": {
            "minecraft:enchantments": [
              {
                "enchantments": "ench_plus:rule_base/tool/jackpot",
                "levels": 1
              }
            ]
          }
        }
      },
      {
        "condition": "minecraft:match_tool",
        "predicate": {
          "predicates": {
            "minecraft:enchantments": [
              {
                "enchantments": "ench_plus:rule_plus/tool/jackpot",
                "levels": 1
              }
            ]
          }
        }
      }
    ]
  }
  