{
	"enchant.ambush_on": {
		"subtitle": "enchant.ambush_on",
		"sounds": [
			{"name":"ench_plus/ambush_on", "attenuation_distance": 16}
		]
	},
	"enchant.ambush_off": {
		"subtitle": "enchant.ambush_off",
		"sounds": [
			{"name":"ench_plus/ambush_off", "attenuation_distance": 16}
		]
	},
	"enchant.chainreac_to": {
		"subtitle": "enchant.chainreact_to",
		"sounds": [
			{"name":"ench_plus/chainreac_to", "attenuation_distance": 16}
		]
	},
	"enchant.chainreac_by": {
		"subtitle": "enchant.chainreac_by",
		"sounds": [
			{"name":"ench_plus/chainreac_by", "attenuation_distance": 16}
		]
	},
	"enchant.weakpoint_on": {
		"subtitle": "enchant.weakpoint_on",
		"sounds": [
			{"name":"ench_plus/weakpoint_on", "attenuation_distance": 16}
		]
	},
	"enchant.weakpoint_off": {
		"subtitle": "enchant.weakpoint_off",
		"sounds": [
			{"name":"ench_plus/weakpoint_off", "attenuation_distance": 16}
		]
	},
	"enchant.anger_mode": {
		"subtitle": "enchant.anger_mode",
		"sounds": [
			{"name":"ench_plus/anger_mode", "attenuation_distance": 16}
		]
	},
	"enchant.soul_breaker": {
		"subtitle": "enchant.soul_breaker",
		"sounds": [
			{"name":"ench_plus/soul_breaker_cast", "attenuation_distance": 16}
		]
	},
	"enchant.fracture_spawn": {
		"subtitle": "enchant.fracture_spawn",
		"sounds": [
			{"name":"ench_plus/fracture_spawn", "attenuation_distance": 16}
		]
	},
	"enchant.burst_on": {
		"subtitle": "enchant.burst_on",
		"sounds": [
			{"name":"ench_plus/burst_enable", "attenuation_distance": 16}
		]
	},
	"enchant.burst_off": {
		"subtitle": "enchant.burst_off",
		"sounds": [
			{"name":"ench_plus/burst_disable", "attenuation_distance": 16}
		]
	},
	"enchant.command_used": {
		"subtitle": "enchant.command_used",
		"sounds": [
			{"name":"ench_plus/command_1", "attenuation_distance": 16},
			{"name":"ench_plus/command_2", "attenuation_distance": 16},
			{"name":"ench_plus/command_3", "attenuation_distance": 16}
		]
	},
	"enchant.gunpowder_warn": {
		"subtitle": "enchant.gunpowder_warn",
		"sounds": [
			{"name":"ench_plus/gunpowder_ignited", "attenuation_distance": 16}
		]
	},
	"enchant.radiant.heal": {
		"subtitle": "enchant.radiant_heal",
		"sounds": [
			{"name":"ench_plus/radiant_heal", "attenuation_distance": 16}
		]
	},
	"enchant.radiant.crash": {
		"subtitle": "enchant.radiant_crash",
		"sounds": [
			{"name":"ench_plus/radiant_crash", "attenuation_distance": 16}
		]
	},
	"enchant.radiant.search": {
		"subtitle": "enchant.radiant_search",
		"sounds": [
			{"name":"ench_plus/radiant_search_01", "attenuation_distance": 16},
			{"name":"ench_plus/radiant_search_01", "attenuation_distance": 16}
		]
	},
	"enchant.ricochet": {
		"subtitle": "enchant.ricochet_hit",
		"sounds": [
			{"name":"ench_plus/ricochet_1", "attenuation_distance": 16},
			{"name":"ench_plus/ricochet_2", "attenuation_distance": 16},
			{"name":"ench_plus/ricochet_3", "attenuation_distance": 16}
		]
	}
}