{
  "description": [
    [
      "",
	  {
        "text": "| ",
        "color": "gold",
        "italic": false,
        "bold": true
      },
      {
        "translate": "ench_plus.radiant.name",
        "color": "yellow",
        "bold": false
      },
      {
        "translate": "ench_plus.radiant.lore",
        "fallback": " ",
        "color": "white"
      }
    ]
  ],
  "supported_items": "#ench_plus:global",
  "weight": 1,
  "max_level": 1,
  "min_cost": {
    "base": 2147483647,
    "per_level_above_first": 0
  },
  "max_cost": {
    "base": 2147483647,
    "per_level_above_first": 0
  },
  "anvil_cost": 2147483647,
  "slots": [
    "mainhand",
    "offhand"
  ],
  "effects": {
    "minecraft:post_attack": [
      {
        "enchanted": "attacker",
        "affected": "victim",
        "effect": {
          "type": "minecraft:run_function",
          "function": "ench_plus:enchantment/general/radiant/main"
        },
        "requirements": {
          "condition": "minecraft:all_of",
          "terms": [
            {
              "condition": "minecraft:entity_properties",
              "entity": "this",
              "predicate": {
                "nbt": "{Health:0.0f}"
              }
            },
            {
              "condition": "minecraft:entity_scores",
              "entity": "attacker",
              "scores": {
                "lib.rng": {
                  "min": 1,
                  "max": 12
                }
              }
            },
            {
              "condition": "minecraft:any_of",
              "terms": [
                {
                  "condition": "minecraft:entity_properties",
                  "entity": "direct_attacker",
                  "predicate": {
                    "type": "#minecraft:arrows"
                  }
                },
                {
                  "condition": "minecraft:damage_source_properties",
                  "predicate": {
                    "is_direct": true
                  }
                }
              ]
            },
            {
              "condition": "minecraft:inverted",
              "term": {
                "condition": "minecraft:entity_scores",
                "entity": "attacker",
                "scores": {
                  "ench_radiant_cooldown": {
                    "min": 1,
                    "max": 2147483647
                  }
                }
              }
            },
            {
              "condition": "minecraft:value_check",
              "value": {
                "type": "minecraft:storage",
                "storage": "lib:enchplus_disable",
                "path": "list.radiant"
              },
              "range": 0
            }
          ]
        }
      }
    ]
  }
}
