[
  {
    "function": "minecraft:set_components",
    "components": {
      "minecraft:max_damage": 16,
      "minecraft:custom_model_data": {
        "floats": [
          0
        ]
      },
      "minecraft:custom_data": "{ench_plus_data:{default_durability:16, default_skin_id:0}}",
      "minecraft:rarity": "common",
      "minecraft:attribute_modifiers": {
        "modifiers": [
          {
            "id": "item_damage",
            "type": "minecraft:attack_damage",
            "amount": 4,
            "operation": "add_value",
            "slot": "mainhand"
          },
          {
            "id": "item_damage",
            "type": "minecraft:attack_speed",
            "amount": -2.8,
            "operation": "add_value",
            "slot": "mainhand"
          },
          {
            "id": "item_damage",
            "type": "minecraft:entity_interaction_range",
            "amount": 0,
            "operation": "add_value",
            "slot": "mainhand"
          },
          {
            "id": "item_damage",
            "type": "minecraft:block_interaction_range",
            "amount": 2,
            "operation": "add_value",
            "slot": "mainhand"
          }
        ],
        "show_in_tooltip": true
      },
      "minecraft:enchantments": {}
    },
    "conditions": [
      {
        "condition": "minecraft:entity_properties",
        "entity": "this",
        "predicate": {
          "equipment": {
            "mainhand": {
              "items": "minecraft:wooden_shovel",
              "components": {
                "minecraft:max_damage": 59
              }
            }
          }
        }
      }
    ]
  },
  {
    "function": "minecraft:set_components",
    "components": {
      "minecraft:max_damage": 34,
      "minecraft:custom_model_data": {
        "floats": [
          0
        ]
      },
      "minecraft:custom_data": "{ench_plus_data:{default_durability:34, default_skin_id:0}}",
      "minecraft:rarity": "common",
      "minecraft:attribute_modifiers": {
        "modifiers": [
          {
            "id": "item_damage",
            "type": "minecraft:attack_damage",
            "amount": 5,
            "operation": "add_value",
            "slot": "mainhand"
          },
          {
            "id": "item_damage",
            "type": "minecraft:attack_speed",
            "amount": -2.8,
            "operation": "add_value",
            "slot": "mainhand"
          },
          {
            "id": "item_damage",
            "type": "minecraft:entity_interaction_range",
            "amount": 0,
            "operation": "add_value",
            "slot": "mainhand"
          },
          {
            "id": "item_damage",
            "type": "minecraft:block_interaction_range",
            "amount": 2,
            "operation": "add_value",
            "slot": "mainhand"
          }
        ],
        "show_in_tooltip": true
      },
      "minecraft:enchantments": {}
    },
    "conditions": [
      {
        "condition": "minecraft:entity_properties",
        "entity": "this",
        "predicate": {
          "equipment": {
            "mainhand": {
              "items": "minecraft:stone_shovel",
              "components": {
                "minecraft:max_damage": 131
              }
            }
          }
        }
      }
    ]
  },
  {
    "function": "minecraft:set_components",
    "components": {
      "minecraft:max_damage": 64,
      "minecraft:custom_model_data": {
        "floats": [
          0
        ]
      },
      "minecraft:custom_data": "{ench_plus_data:{default_durability:64, default_skin_id:0}}",
      "minecraft:rarity": "common",
      "minecraft:attribute_modifiers": {
        "modifiers": [
          {
            "id": "item_damage",
            "type": "minecraft:attack_damage",
            "amount": 6,
            "operation": "add_value",
            "slot": "mainhand"
          },
          {
            "id": "item_damage",
            "type": "minecraft:attack_speed",
            "amount": -2.8,
            "operation": "add_value",
            "slot": "mainhand"
          },
          {
            "id": "item_damage",
            "type": "minecraft:entity_interaction_range",
            "amount": 0,
            "operation": "add_value",
            "slot": "mainhand"
          },
          {
            "id": "item_damage",
            "type": "minecraft:block_interaction_range",
            "amount": 2,
            "operation": "add_value",
            "slot": "mainhand"
          }
        ],
        "show_in_tooltip": true
      },
      "minecraft:enchantments": {}
    },
    "conditions": [
      {
        "condition": "minecraft:entity_properties",
        "entity": "this",
        "predicate": {
          "equipment": {
            "mainhand": {
              "items": "minecraft:iron_shovel",
              "components": {
                "minecraft:max_damage": 250
              }
            }
          }
        }
      }
    ]
  },
  {
    "function": "minecraft:set_components",
    "components": {
      "minecraft:max_damage": 17,
      "minecraft:custom_model_data": {
        "floats": [
          0
        ]
      },
      "minecraft:custom_data": "{ench_plus_data:{default_durability:17, default_skin_id:0}}",
      "minecraft:rarity": "common",
      "minecraft:attribute_modifiers": {
        "modifiers": [
          {
            "id": "item_damage",
            "type": "minecraft:attack_damage",
            "amount": 4,
            "operation": "add_value",
            "slot": "mainhand"
          },
          {
            "id": "item_damage",
            "type": "minecraft:attack_speed",
            "amount": -2.8,
            "operation": "add_value",
            "slot": "mainhand"
          },
          {
            "id": "item_damage",
            "type": "minecraft:entity_interaction_range",
            "amount": 0,
            "operation": "add_value",
            "slot": "mainhand"
          },
          {
            "id": "item_damage",
            "type": "minecraft:block_interaction_range",
            "amount": 2,
            "operation": "add_value",
            "slot": "mainhand"
          }
        ],
        "show_in_tooltip": true
      },
      "minecraft:enchantments": {}
    },
    "conditions": [
      {
        "condition": "minecraft:entity_properties",
        "entity": "this",
        "predicate": {
          "equipment": {
            "mainhand": {
              "items": "minecraft:golden_shovel",
              "components": {
                "minecraft:max_damage": 32
              }
            }
          }
        }
      }
    ]
  },
  {
    "function": "minecraft:set_components",
    "components": {
      "minecraft:max_damage": 391,
      "minecraft:custom_model_data": {
        "floats": [
          0
        ]
      },
      "minecraft:custom_data": "{ench_plus_data:{default_durability:391, default_skin_id:0}}",
      "minecraft:rarity": "common",
      "minecraft:attribute_modifiers": {
        "modifiers": [
          {
            "id": "item_damage",
            "type": "minecraft:attack_damage",
            "amount": 7,
            "operation": "add_value",
            "slot": "mainhand"
          },
          {
            "id": "item_damage",
            "type": "minecraft:attack_speed",
            "amount": -2.8,
            "operation": "add_value",
            "slot": "mainhand"
          },
          {
            "id": "item_damage",
            "type": "minecraft:entity_interaction_range",
            "amount": 0,
            "operation": "add_value",
            "slot": "mainhand"
          },
          {
            "id": "item_damage",
            "type": "minecraft:block_interaction_range",
            "amount": 2,
            "operation": "add_value",
            "slot": "mainhand"
          }
        ],
        "show_in_tooltip": true
      },
      "minecraft:enchantments": {}
    },
    "conditions": [
      {
        "condition": "minecraft:entity_properties",
        "entity": "this",
        "predicate": {
          "equipment": {
            "mainhand": {
              "items": "minecraft:diamond_shovel",
              "components": {
                "minecraft:max_damage": 1561
              }
            }
          }
        }
      }
    ]
  },
  {
    "function": "minecraft:set_components",
    "components": {
      "minecraft:max_damage": 508,
      "minecraft:custom_model_data": {
        "floats": [
          0
        ]
      },
      "minecraft:custom_data": "{ench_plus_data:{default_durability:508, default_skin_id:0}}",
      "minecraft:rarity": "common",
      "minecraft:attribute_modifiers": {
        "modifiers": [
          {
            "id": "item_damage",
            "type": "minecraft:attack_damage",
            "amount": 8,
            "operation": "add_value",
            "slot": "mainhand"
          },
          {
            "id": "item_damage",
            "type": "minecraft:attack_speed",
            "amount": -2.8,
            "operation": "add_value",
            "slot": "mainhand"
          },
          {
            "id": "item_damage",
            "type": "minecraft:entity_interaction_range",
            "amount": 0,
            "operation": "add_value",
            "slot": "mainhand"
          },
          {
            "id": "item_damage",
            "type": "minecraft:block_interaction_range",
            "amount": 2,
            "operation": "add_value",
            "slot": "mainhand"
          }
        ],
        "show_in_tooltip": true
      },
      "minecraft:enchantments": {}
    },
    "conditions": [
      {
        "condition": "minecraft:entity_properties",
        "entity": "this",
        "predicate": {
          "equipment": {
            "mainhand": {
              "items": "minecraft:netherite_shovel",
              "components": {
                "minecraft:max_damage": 2031
              }
            }
          }
        }
      }
    ]
  }
]