{
    "criteria": {
      "deflected_projectile": {
        "trigger": "minecraft:entity_hurt_player",
        "conditions": {
          "player": [
            {
              "condition": "minecraft:entity_scores",
              "entity": "this",
              "scores": {
                "ench_shulkerboo_status": {
                  "min": 0,
                  "max": 2
                }
              }
            }
          ],
          "damage": {
            "blocked": false,
            "type": {}
          }
        }
      }
    },
    "rewards": {
      "function": "ench_plus:enchantment/range/shulker_boo/no_blocked"
    }
}
  