[
  {
    "function": "minecraft:set_components",
    "components": {
      "minecraft:max_damage": 97,
      "minecraft:custom_model_data": 0,
      "minecraft:custom_data": "{ench_plus_data:{default_durability:97, default_skin_id:0}}",
      "minecraft:enchantment_glint_override": false,
      "minecraft:rarity": "common"
    },
    "conditions": [
      {
        "condition": "minecraft:entity_properties",
        "entity": "this",
        "predicate": {
          "equipment": {
            "mainhand": {
              "items": "minecraft:bow",
              "components": {
                "minecraft:max_damage": 384
              }
            }
          }
        }
      }
    ]
  },
  {
    "function": "minecraft:set_components",
    "components": {
      "minecraft:max_damage": 117,
      "minecraft:custom_model_data": 0,
      "minecraft:custom_data": "{ench_plus_data:{default_durability:117, default_skin_id:0}}",
      "minecraft:enchantment_glint_override": false,
      "minecraft:rarity": "common"
    },
    "conditions": [
      {
        "condition": "minecraft:entity_properties",
        "entity": "this",
        "predicate": {
          "equipment": {
            "mainhand": {
              "items": "minecraft:crossbow",
              "components": {
                "minecraft:max_damage": 465
              }
            }
          }
        }
      }
    ]
  }
]
