{
  "description": [
    [
      "",
      {
        "text": "| ",
        "color": "gold",
        "bold": true,
        "italic": false
      },
      {
        "translate": "ench_plus.ricochet.name",
        "color": "yellow",
        "bold": false
      },
      {
        "translate": "ench_plus.ricochet.lore",
        "fallback": " ",
        "color": "white"
      }
    ]
  ],
  "supported_items": "#ench_plus:range",
  "weight": 1,
  "max_level": 1,
  "min_cost": {
    "base": 2147483647,
    "per_level_above_first": 0
  },
  "max_cost": {
    "base": 2147483647,
    "per_level_above_first": 0
  },
  "anvil_cost": 2147483647,
  "slots": [
    "mainhand",
    "offhand"
  ],
  "effects": {
    "minecraft:hit_block": [
      {
        "effect": {
          "type": "minecraft:run_function",
          "function": "ench_plus:enchantment/range/richochet/fail_plus"
        },
        "requirements": {
          "condition": "minecraft:all_of",
          "terms": [
            {
              "condition": "minecraft:entity_properties",
              "entity": "this",
              "predicate": {
                "type": "#minecraft:arrows"
              }
            }
          ]
        }
      }
    ],
    "minecraft:post_attack": [
      {
        "enchanted": "attacker",
        "affected": "victim",
        "effect": {
          "type": "minecraft:run_function",
          "function": "ench_plus:enchantment/range/richochet/fail_plus"
        },
        "requirements": {
          "condition": "minecraft:all_of",
          "terms": [
            {
              "condition": "minecraft:inverted",
              "term": {
                "condition": "minecraft:entity_properties",
                "entity": "direct_attacker",
                "predicate": {
                  "type": "#minecraft:arrows",
                  "nbt": "{crit: 1b}"
                }
              }
            }
          ]
        }
      },
      {
        "enchanted": "attacker",
        "affected": "victim",
        "effect": {
          "type": "minecraft:run_function",
          "function": "ench_plus:enchantment/range/richochet/cast_plus"
        },
        "requirements": {
          "condition": "minecraft:all_of",
          "terms": [
            {
              "condition": "minecraft:entity_scores",
              "entity": "attacker",
              "scores": {
                "ench_ricochet_effect": {
                  "min": 4,
                  "max": 2147483647
                }
              }
            },
            {
              "condition": "minecraft:entity_properties",
              "entity": "direct_attacker",
              "predicate": {
                "type": "#minecraft:arrows"
              }
            }
          ]
        }
      },
      {
        "enchanted": "attacker",
        "affected": "victim",
        "effect": {
          "type": "minecraft:run_function",
          "function": "ench_plus:enchantment/range/richochet/good_plus"
        },
        "requirements": {
          "condition": "minecraft:all_of",
          "terms": [
            {
              "condition": "minecraft:entity_properties",
              "entity": "direct_attacker",
              "predicate": {
                "type": "#minecraft:arrows",
                "nbt": "{crit: 1b}"
              }
            },
            {
              "condition": "minecraft:value_check",
              "value": {
                "type": "minecraft:storage",
                "storage": "lib:enchplus_disable",
                "path": "list.ricochet"
              },
              "range": 0
            }
          ]
        }
      }
    ]
  }
}
