{
  "description": [
    [
      "",
	  {
        "text": "| ",
        "color": "gold",
        "italic": false,
        "bold": true
      },
      {
        "translate": "ench_plus.infinity.name",
        "color": "yellow",
        "bold": false
      },
      {
        "translate": "ench_plus.infinity.lore",
        "fallback": " ",
        "color": "white"
      }
    ]
  ],
  "supported_items": "minecraft:bow",
  "weight": 1,
  "max_level": 1,
  "min_cost": {
    "base": 2147483647,
    "per_level_above_first": 0
  },
  "max_cost": {
    "base": 2147483647,
    "per_level_above_first": 0
  },
  "anvil_cost": 2147483647,
  "slots": [
    "mainhand",
    "offhand"
  ],
  "effects": {
    "minecraft:ammo_use": [
      {
        "effect": {
          "type": "minecraft:add",
          "value": -1
        },
        "requirements": {
          "condition": "minecraft:all_of",
          "terms": [
            {
              "condition": "minecraft:value_check",
              "value": {
                "type": "minecraft:storage",
                "storage": "lib:enchplus_disable",
                "path": "list.infinity"
              },
              "range": 0
            }
          ]
        }
      }
    ]
  }
}
