{
  "description": [
    [
      "",
	  {
        "text": "| ",
        "color": "gold",
        "italic": false,
        "bold": true
      },
      {
        "translate": "ench_plus.quiver_overload.name",
        "color": "yellow",
		"bold": false
      },
      {
        "translate": "ench_plus.quiver_overload.lore",
        "fallback": " ",
        "color": "white"
      }
    ]
  ],
  "supported_items": "#ench_plus:range",
  "weight": 1,
  "max_level": 1,
  "min_cost": {
    "base": 2147483647,
    "per_level_above_first": 0
  },
  "max_cost": {
    "base": 2147483647,
    "per_level_above_first": 0
  },
  "anvil_cost": 2147483647,
  "slots": [
    "mainhand",
    "offhand"
  ],
  "effects": {
    "minecraft:projectile_count": [
      {
        "effect": {
          "type": "minecraft:add",
          "value": 2
        }
      },
      {
        "effect": {
          "type": "minecraft:add",
          "value": {
            "type": "minecraft:linear",
            "base": 2,
            "per_level_above_first": 2
          }
        },
        "requirements": {
          "condition": "minecraft:all_of",
          "terms": [
            {
              "condition": "minecraft:entity_scores",
              "entity": "this",
              "scores": {
                "lib.rng": {
                  "min": 1,
                  "max": 40
                }
              }
            },
            {
              "condition": "minecraft:entity_properties",
              "entity": "this",
              "predicate": {
                "type": "minecraft:player"
              }
            }
          ]
        }
      }
    ],
    "minecraft:projectile_spread": [
      {
        "effect": {
          "type": "minecraft:set",
          "value": {
            "type": "minecraft:linear",
            "base": 10,
            "per_level_above_first": 10
          }
        }
      }
    ]
  }
}
