{
    "criteria": {
      "ambush": {
        "trigger": "minecraft:location",
        "conditions": {
          "player": [
            {
              "condition": "minecraft:entity_scores",
              "entity": "this",
              "scores": {
                "ench_ambush_cooldown": {
                  "min": 1,
                  "max": 2147483647
                }
              }
            }
          ]
        }
      },
      "radiant": {
        "trigger": "minecraft:location",
        "conditions": {
          "player": [
            {
              "condition": "minecraft:entity_scores",
              "entity": "this",
              "scores": {
                "ench_radiant_cooldown": {
                  "min": 1,
                  "max": 2147483647
                }
              }
            }
          ]
        }
      },
      "chain_reaction": {
        "trigger": "minecraft:location",
        "conditions": {
          "player": [
            {
              "condition": "minecraft:entity_scores",
              "entity": "this",
              "scores": {
                "ench_chainreac_cooldown": {
                  "min": 1,
                  "max": 2147483647
                }
              }
            }
          ]
        }
      },
      "breakfast": {
        "trigger": "minecraft:location",
        "conditions": {
          "player": [
            {
              "condition": "minecraft:entity_scores",
              "entity": "this",
              "scores": {
                "ench_breakfast_cooldown": {
                  "min": 1,
                  "max": 2147483647
                }
              }
            }
          ]
        }
      },
      "burstmode": {
        "trigger": "minecraft:location",
        "conditions": {
          "player": [
            {
              "condition": "minecraft:entity_scores",
              "entity": "this",
              "scores": {
                "ench_burstmode_cooldown": {
                  "min": 1,
                  "max": 2147483647
                }
              }
            }
          ]
        }
      }
    },
    "requirements": [
      [
        "ambush",
        "radiant",
        "chain_reaction",
        "breakfast",
        "burstmode"
      ]
    ],
    "rewards": {
      "function": "lib_extra:cd_time/reduce_time"
    }
  }
  