{
  "description": [
    [
      "",
      {
        "text": "▶ ",
        "color": "#b4b4b4",
        "bold": true
      },
      {
        "text": "¡Sin revestimiento!",
        "color": "#fafafa"
      }
    ]
  ],
  "supported_items": "#ench_plus:global",
  "weight": 1,
  "max_level": 1,
  "min_cost": {
    "base": 2147483647,
    "per_level_above_first": 0
  },
  "max_cost": {
    "base": 2147483647,
    "per_level_above_first": 0
  },
  "anvil_cost": 2147483647,
  "slots": [
    "any"
  ]
}
