{
  "description": [
    [
      "",
      {
        "text": "▶ ",
        "color": "#ff4800",
        "bold": true
      },
      {
        "text": "Tipo de revestimiento: ",
        "color": "#ff8800"
      },
      {
        "translate": "ench_plus_material.copper",
        "fallback": "  ",
        "color": "#ff8800"
      }
    ]
  ],
  "supported_items": "#ench_plus:global",
  "weight": 1,
  "max_level": 1,
  "min_cost": {
    "base": 2147483647,
    "per_level_above_first": 0
  },
  "max_cost": {
    "base": 2147483647,
    "per_level_above_first": 0
  },
  "anvil_cost": 2147483647,
  "slots": [
    "mainhand",
    "offhand"
  ],
  "effects": {
    "minecraft:item_damage": [
      {
        "effect": {
          "type": "minecraft:remove_binomial",
          "chance": {
            "type": "minecraft:fraction",
            "numerator": 1,
            "denominator": 1.5
          }
        }
      }
    ],
    "minecraft:location_changed": [
      {
        "effect": {
          "type": "minecraft:change_item_damage",
          "amount": -2
        },
        "requirements": {
          "condition": "minecraft:all_of",
          "terms": [
            {
              "condition": "minecraft:time_check",
              "value": {
                "min": 0,
                "max": 19
              },
              "period": 300
            },
            {
              "condition": "minecraft:entity_properties",
              "entity": "this",
              "predicate": {
                "location": {
                  "fluid": {
                    "fluids": "#minecraft:water"
                  }
                }
              }
            },
            {
              "condition": "minecraft:value_check",
              "value": {
                "type": "minecraft:storage",
                "storage": "lib:enchplus_disable",
                "path": "held.copper"
              },
              "range": 0
            }
          ]
        }
      }
    ]
  }
}
