{
  "description": " ",
  "supported_items": "#ench_plus:diamond",
  "weight": 1,
  "max_level": 1,
  "min_cost": {
    "base": 0,
    "per_level_above_first": 0
  },
  "max_cost": {
    "base": 0,
    "per_level_above_first": 0
  },
  "anvil_cost": 0,
  "slots": [
    "mainhand"
  ],
  "effects": {
    "minecraft:location_changed": [
      {
        "requirements": {
          "condition": "minecraft:entity_properties",
          "entity": "this",
          "predicate": {
            "slots": {
              "weapon.mainhand": {
                "items": "#ench_plus:netherite"
              }
            }
          }
        },
        "effect": {
          "type": "minecraft:run_function",
          "function": "ench_plus:held/upgrade_item/hold"
        }
      }
    ]
  }
}