{
    "model": {
        "type": "range_dispatch",
        "property": "custom_model_data",
        "fallback": {
            "type": "model",
            "model": "item/angler_pottery_sherd"
        },
        "entries": [
            {
                "threshold": 1,
                "model": {
                    "type": "model",
                    "model": "item/angler_pottery_sherd/ph_1"
                }
            },
            {
                "threshold": 2,
                "model": {
                    "type": "model",
                    "model": "item/angler_pottery_sherd/ph_2"
                }
            },
            {
                "threshold": 3,
                "model": {
                    "type": "model",
                    "model": "item/angler_pottery_sherd/ph_3"
                }
            },
            {
                "threshold": 4,
                "model": {
                    "type": "model",
                    "model": "item/angler_pottery_sherd/ph_4"
                }
            },
            {
                "threshold": 5,
                "model": {
                    "type": "model",
                    "model": "item/angler_pottery_sherd/ph_5"
                }
            },
            {
                "threshold": 6,
                "model": {
                    "type": "model",
                    "model": "item/angler_pottery_sherd/ph_6"
                }
            },
            {
                "threshold": 10301,
                "model": {
                    "type": "model",
                    "model": "item/angler_pottery_sherd/smithingtable/edit/enchpage_single"
                }
            },
            {
                "threshold": 10302,
                "model": {
                    "type": "model",
                    "model": "item/angler_pottery_sherd/smithingtable/edit/enchpage_top"
                }
            },
            {
                "threshold": 10303,
                "model": {
                    "type": "model",
                    "model": "item/angler_pottery_sherd/smithingtable/edit/enchpage_mid"
                }
            },
            {
                "threshold": 10304,
                "model": {
                    "type": "model",
                    "model": "item/angler_pottery_sherd/smithingtable/edit/enchpage_bot"
                }
            },
            {
                "threshold": 10305,
                "model": {
                    "type": "model",
                    "model": "item/angler_pottery_sherd/smithingtable/edit/enchsum_empty"
                }
            },
            {
                "threshold": 10306,
                "model": {
                    "type": "model",
                    "model": "item/angler_pottery_sherd/smithingtable/edit/enchsum_ready"
                }
            },
            {
                "threshold": 10307,
                "model": {
                    "type": "model",
                    "model": "item/angler_pottery_sherd/smithingtable/edit/enchheld"
                }
            },
            {
                "threshold": 10308,
                "model": {
                    "type": "model",
                    "model": "item/angler_pottery_sherd/smithingtable/main/main_simple"
                }
            },
            {
                "threshold": 10309,
                "model": {
                    "type": "model",
                    "model": "item/angler_pottery_sherd/smithingtable/main/main_netherite"
                }
            },
            {
                "threshold": 10401,
                "model": {
                    "type": "model",
                    "model": "item/angler_pottery_sherd/smithingtable/button_category"
                }
            },
            {
                "threshold": 10402,
                "model": {
                    "type": "model",
                    "model": "item/angler_pottery_sherd/smithingtable/button_held"
                }
            },
            {
                "threshold": 10403,
                "model": {
                    "type": "model",
                    "model": "item/angler_pottery_sherd/smithingtable/button_dw"
                }
            },
            {
                "threshold": 10404,
                "model": {
                    "type": "model",
                    "model": "item/angler_pottery_sherd/smithingtable/button_up"
                }
            },
            {
                "threshold": 10405,
                "model": {
                    "type": "model",
                    "model": "item/angler_pottery_sherd/smithingtable/button_emp"
                }
            }
        ]
    }
}