{
    "model": {
        "type": "range_dispatch",
        "property": "custom_model_data",
        "fallback": {
            "type": "model",
            "model": "item/breeze_rod"
        },
        "entries": [
            {
                "threshold": 1000,
                "model": {
                    "type": "model",
                    "model": "item/breeze_rod/wooden_sword"
                }
            },
            {
                "threshold": 2000,
                "model": {
                    "type": "model",
                    "model": "item/breeze_rod/wooden_pickaxe"
                }
            }
        ]
    }
}