{
  "model": {
    "type": "minecraft:range_dispatch",
    "property": "minecraft:custom_model_data",
    "entries": [
	  {
        "threshold": 1,
        "model": {
          "type": "minecraft:condition",
          "property": "minecraft:using_item",
          "on_true": {"type": "minecraft:range_dispatch","property": "minecraft:crossbow/pull","entries": [{"threshold": 0,"model": {"type": "minecraft:model","model": "item/skin/crossbow/leather_crossbow_pulling_0"}},{"threshold": 0.65,"model": {"type": "minecraft:model","model": "item/skin/crossbow/leather_crossbow_pulling_1"}},{"threshold": 1,"model": {"type": "minecraft:model","model": "item/skin/crossbow/leather_crossbow_pulling_2"}}]},
          "on_false": {"type": "minecraft:select","property": "minecraft:charge_type","cases": [{"when": "arrow","model": {"type": "minecraft:model","model": "item/skin/crossbow/leather_crossbow_arrow"}},{"when": "rocket","model": {"type": "minecraft:model","model": "item/skin/crossbow/leather_crossbow_firework"}}],"fallback": {"type": "minecraft:model","model": "item/skin/crossbow/leather_crossbow_standby"}}
        }
      },
	  {
        "threshold": 2,
        "model": {
          "type": "minecraft:condition",
          "property": "minecraft:using_item",
          "on_true": {"type": "minecraft:range_dispatch","property": "minecraft:crossbow/pull","entries": [{"threshold": 0,"model": {"type": "minecraft:model","model": "item/skin/crossbow/copper_crossbow_pulling_0"}},{"threshold": 0.65,"model": {"type": "minecraft:model","model": "item/skin/crossbow/copper_crossbow_pulling_1"}},{"threshold": 1,"model": {"type": "minecraft:model","model": "item/skin/crossbow/copper_crossbow_pulling_2"}}]},
          "on_false": {"type": "minecraft:select","property": "minecraft:charge_type","cases": [{"when": "arrow","model": {"type": "minecraft:model","model": "item/skin/crossbow/copper_crossbow_arrow"}},{"when": "rocket","model": {"type": "minecraft:model","model": "item/skin/crossbow/copper_crossbow_firework"}}],"fallback": {"type": "minecraft:model","model": "item/skin/crossbow/copper_crossbow_standby"}}
        }
      },
	  {
        "threshold": 3,
        "model": {
          "type": "minecraft:condition",
          "property": "minecraft:using_item",
          "on_true": {"type": "minecraft:range_dispatch","property": "minecraft:crossbow/pull","entries": [{"threshold": 0,"model": {"type": "minecraft:model","model": "item/skin/crossbow/breeze_crossbow_pulling_0"}},{"threshold": 0.65,"model": {"type": "minecraft:model","model": "item/skin/crossbow/breeze_crossbow_pulling_1"}},{"threshold": 1,"model": {"type": "minecraft:model","model": "item/skin/crossbow/breeze_crossbow_pulling_2"}}]},
          "on_false": {"type": "minecraft:select","property": "minecraft:charge_type","cases": [{"when": "arrow","model": {"type": "minecraft:model","model": "item/skin/crossbow/breeze_crossbow_arrow"}},{"when": "rocket","model": {"type": "minecraft:model","model": "item/skin/crossbow/breeze_crossbow_firework"}}],"fallback": {"type": "minecraft:model","model": "item/skin/crossbow/breeze_crossbow_standby"}}
        }
      },
	  {
        "threshold": 4,
        "model": {
          "type": "minecraft:condition",
          "property": "minecraft:using_item",
          "on_true": {"type": "minecraft:range_dispatch","property": "minecraft:crossbow/pull","entries": [{"threshold": 0,"model": {"type": "minecraft:model","model": "item/skin/crossbow/gold_crossbow_pulling_0"}},{"threshold": 0.65,"model": {"type": "minecraft:model","model": "item/skin/crossbow/gold_crossbow_pulling_1"}},{"threshold": 1,"model": {"type": "minecraft:model","model": "item/skin/crossbow/gold_crossbow_pulling_2"}}]},
          "on_false": {"type": "minecraft:select","property": "minecraft:charge_type","cases": [{"when": "arrow","model": {"type": "minecraft:model","model": "item/skin/crossbow/gold_crossbow_arrow"}},{"when": "rocket","model": {"type": "minecraft:model","model": "item/skin/crossbow/gold_crossbow_firework"}}],"fallback": {"type": "minecraft:model","model": "item/skin/crossbow/gold_crossbow_standby"}}
        }
      },
	  {
        "threshold": 5,
        "model": {
          "type": "minecraft:condition",
          "property": "minecraft:using_item",
          "on_true": {"type": "minecraft:range_dispatch","property": "minecraft:crossbow/pull","entries": [{"threshold": 0,"model": {"type": "minecraft:model","model": "item/skin/crossbow/blaze_crossbow_pulling_0"}},{"threshold": 0.65,"model": {"type": "minecraft:model","model": "item/skin/crossbow/blaze_crossbow_pulling_1"}},{"threshold": 1,"model": {"type": "minecraft:model","model": "item/skin/crossbow/blaze_crossbow_pulling_2"}}]},
          "on_false": {"type": "minecraft:select","property": "minecraft:charge_type","cases": [{"when": "arrow","model": {"type": "minecraft:model","model": "item/skin/crossbow/blaze_crossbow_arrow"}},{"when": "rocket","model": {"type": "minecraft:model","model": "item/skin/crossbow/blaze_crossbow_firework"}}],"fallback": {"type": "minecraft:model","model": "item/skin/crossbow/blaze_crossbow_standby"}}
        }
      },
	  {
        "threshold": 6,
        "model": {
          "type": "minecraft:condition",
          "property": "minecraft:using_item",
          "on_true": {"type": "minecraft:range_dispatch","property": "minecraft:crossbow/pull","entries": [{"threshold": 0,"model": {"type": "minecraft:model","model": "item/skin/crossbow/netherite_crossbow_pulling_0"}},{"threshold": 0.65,"model": {"type": "minecraft:model","model": "item/skin/crossbow/netherite_crossbow_pulling_1"}},{"threshold": 1,"model": {"type": "minecraft:model","model": "item/skin/crossbow/netherite_crossbow_pulling_2"}}]},
          "on_false": {"type": "minecraft:select","property": "minecraft:charge_type","cases": [{"when": "arrow","model": {"type": "minecraft:model","model": "item/skin/crossbow/netherite_crossbow_arrow"}},{"when": "rocket","model": {"type": "minecraft:model","model": "item/skin/crossbow/netherite_crossbow_firework"}}],"fallback": {"type": "minecraft:model","model": "item/skin/crossbow/netherite_crossbow_standby"}}
        }
      }
	],
    "fallback": {
      "type": "minecraft:condition",
      "property": "minecraft:using_item",
      "on_true": {"type": "minecraft:range_dispatch","property": "minecraft:crossbow/pull","entries": [{"threshold": 0,"model": {"type": "minecraft:model","model": "minecraft:item/crossbow_pulling_0"}},{"threshold": 0.65,"model": {"type": "minecraft:model","model": "minecraft:item/crossbow_pulling_1"}},{"threshold": 1,"model": {"type": "minecraft:model","model": "minecraft:item/crossbow_pulling_2"}}]},
      "on_false": {"type": "minecraft:select","property": "minecraft:charge_type","cases": [{"when": "arrow","model": {"type": "minecraft:model","model": "minecraft:item/crossbow_arrow"}},{"when": "rocket","model": {"type": "minecraft:model","model": "minecraft:item/crossbow_firework"}}],"fallback": {"type": "minecraft:model","model": "minecraft:item/crossbow"}}
    }
  }
}