{
    "model": {
        "type": "range_dispatch",
        "property": "custom_model_data",
        "fallback": {
            "type": "model",
            "model": "item/diamond_pickaxe"
        },
        "entries": [
            {
                "threshold": 1,
                "model": {
                    "type": "model",
                    "model": "item/skin/diamond_pickaxe/leather_diamond_pickaxe"
                }
            },
            {
                "threshold": 2,
                "model": {
                    "type": "model",
                    "model": "item/skin/diamond_pickaxe/copper_diamond_pickaxe"
                }
            },
            {
                "threshold": 3,
                "model": {
                    "type": "model",
                    "model": "item/skin/diamond_pickaxe/breeze_diamond_pickaxe"
                }
            },
            {
                "threshold": 4,
                "model": {
                    "type": "model",
                    "model": "item/skin/diamond_pickaxe/gold_diamond_pickaxe"
                }
            },
            {
                "threshold": 5,
                "model": {
                    "type": "model",
                    "model": "item/skin/diamond_pickaxe/blaze_diamond_pickaxe"
                }
            },
            {
                "threshold": 6,
                "model": {
                    "type": "model",
                    "model": "item/skin/diamond_pickaxe/netherite_diamond_pickaxe"
                }
            }
        ]
    }
}