{
    "model": {
        "type": "range_dispatch",
        "property": "custom_model_data",
        "fallback": {
            "type": "model",
            "model": "item/diamond_sword"
        },
        "entries": [
            {
                "threshold": 1,
                "model": {
                    "type": "model",
                    "model": "item/diamond_sword/leather_diamond_sword"
                }
            },
            {
                "threshold": 2,
                "model": {
                    "type": "model",
                    "model": "item/diamond_sword/copper_diamond_sword"
                }
            },
            {
                "threshold": 3,
                "model": {
                    "type": "model",
                    "model": "item/diamond_sword/breeze_diamond_sword"
                }
            },
            {
                "threshold": 4,
                "model": {
                    "type": "model",
                    "model": "item/diamond_sword/gold_diamond_sword"
                }
            },
            {
                "threshold": 5,
                "model": {
                    "type": "model",
                    "model": "item/diamond_sword/blaze_diamond_sword"
                }
            },
            {
                "threshold": 6,
                "model": {
                    "type": "model",
                    "model": "item/diamond_sword/netherite_diamond_sword"
                }
            }
        ]
    }
}