{
    "model": {
        "type": "range_dispatch",
        "property": "custom_model_data",
        "fallback": {
            "type": "model",
            "model": "item/golden_shovel"
        },
        "entries": [
            {
                "threshold": 1,
                "model": {
                    "type": "model",
                    "model": "item/skin/golden_shovel/leather_golden_shovel"
                }
            },
            {
                "threshold": 2,
                "model": {
                    "type": "model",
                    "model": "item/skin/golden_shovel/copper_golden_shovel"
                }
            },
            {
                "threshold": 3,
                "model": {
                    "type": "model",
                    "model": "item/skin/golden_shovel/breeze_golden_shovel"
                }
            },
            {
                "threshold": 4,
                "model": {
                    "type": "model",
                    "model": "item/skin/golden_shovel/gold_golden_shovel"
                }
            },
            {
                "threshold": 5,
                "model": {
                    "type": "model",
                    "model": "item/skin/golden_shovel/blaze_golden_shovel"
                }
            },
            {
                "threshold": 6,
                "model": {
                    "type": "model",
                    "model": "item/skin/golden_shovel/netherite_golden_shovel"
                }
            }
        ]
    }
}