{
    "model": {
        "type": "range_dispatch",
        "property": "custom_model_data",
        "fallback": {
            "type": "model",
            "model": "item/golden_hoe"
        },
        "entries": [
            {
                "threshold": 1,
                "model": {
                    "type": "model",
                    "model": "item/skin/golden_hoe/leather_golden_hoe"
                }
            },
            {
                "threshold": 2,
                "model": {
                    "type": "model",
                    "model": "item/skin/golden_hoe/copper_golden_hoe"
                }
            },
            {
                "threshold": 3,
                "model": {
                    "type": "model",
                    "model": "item/skin/golden_hoe/breeze_golden_hoe"
                }
            },
            {
                "threshold": 4,
                "model": {
                    "type": "model",
                    "model": "item/skin/golden_hoe/gold_golden_hoe"
                }
            },
            {
                "threshold": 5,
                "model": {
                    "type": "model",
                    "model": "item/skin/golden_hoe/blaze_golden_hoe"
                }
            },
            {
                "threshold": 6,
                "model": {
                    "type": "model",
                    "model": "item/skin/golden_hoe/netherite_golden_hoe"
                }
            }
        ]
    }
}