{
    "model": {
        "type": "range_dispatch",
        "property": "custom_model_data",
        "fallback": {
            "type": "model",
            "model": "item/iron_sword"
        },
        "entries": [
            {
                "threshold": 1,
                "model": {
                    "type": "model",
                    "model": "item/iron_sword/leather_iron_sword"
                }
            },
            {
                "threshold": 2,
                "model": {
                    "type": "model",
                    "model": "item/iron_sword/copper_iron_sword"
                }
            },
            {
                "threshold": 3,
                "model": {
                    "type": "model",
                    "model": "item/iron_sword/breeze_iron_sword"
                }
            },
            {
                "threshold": 4,
                "model": {
                    "type": "model",
                    "model": "item/iron_sword/gold_iron_sword"
                }
            },
            {
                "threshold": 5,
                "model": {
                    "type": "model",
                    "model": "item/iron_sword/blaze_iron_sword"
                }
            },
            {
                "threshold": 6,
                "model": {
                    "type": "model",
                    "model": "item/iron_sword/netherite_iron_sword"
                }
            }
        ]
    }
}