{
    "model": {
        "type": "range_dispatch",
        "property": "custom_model_data",
        "fallback": {
            "type": "model",
            "model": "item/iron_shovel"
        },
        "entries": [
            {
                "threshold": 1,
                "model": {
                    "type": "model",
                    "model": "item/skin/iron_shovel/leather_iron_shovel"
                }
            },
            {
                "threshold": 2,
                "model": {
                    "type": "model",
                    "model": "item/skin/iron_shovel/copper_iron_shovel"
                }
            },
            {
                "threshold": 3,
                "model": {
                    "type": "model",
                    "model": "item/skin/iron_shovel/breeze_iron_shovel"
                }
            },
            {
                "threshold": 4,
                "model": {
                    "type": "model",
                    "model": "item/skin/iron_shovel/gold_iron_shovel"
                }
            },
            {
                "threshold": 5,
                "model": {
                    "type": "model",
                    "model": "item/skin/iron_shovel/blaze_iron_shovel"
                }
            },
            {
                "threshold": 6,
                "model": {
                    "type": "model",
                    "model": "item/skin/iron_shovel/netherite_iron_shovel"
                }
            }
        ]
    }
}