{
    "model": {
        "type": "range_dispatch",
        "property": "custom_model_data",
        "fallback": {
            "type": "model",
            "model": "item/music_disc_13"
        },
        "entries": [
            {
                "threshold": 1,
                "model": {
                    "type": "model",
                    "model": "item/music_disc_13/marked_entity"
                }
            },
            {
                "threshold": 2,
                "model": {
                    "type": "model",
                    "model": "item/music_disc_13/damage_fracture"
                }
            },
            {
                "threshold": 3,
                "model": {
                    "type": "model",
                    "model": "item/music_disc_13/radiant_core"
                }
            },
            {
                "threshold": 4,
                "model": {
                    "type": "model",
                    "model": "item/music_disc_13/radiant_aura"
                }
            }
        ]
    }
}