{
    "model": {
        "type": "range_dispatch",
        "property": "custom_model_data",
        "fallback": {
            "type": "model",
            "model": "item/netherite_shovel"
        },
        "entries": [
            {
                "threshold": 1,
                "model": {
                    "type": "model",
                    "model": "item/skin/netherite_shovel/leather_netherite_shovel"
                }
            },
            {
                "threshold": 2,
                "model": {
                    "type": "model",
                    "model": "item/skin/netherite_shovel/copper_netherite_shovel"
                }
            },
            {
                "threshold": 3,
                "model": {
                    "type": "model",
                    "model": "item/skin/netherite_shovel/breeze_netherite_shovel"
                }
            },
            {
                "threshold": 4,
                "model": {
                    "type": "model",
                    "model": "item/skin/netherite_shovel/gold_netherite_shovel"
                }
            },
            {
                "threshold": 5,
                "model": {
                    "type": "model",
                    "model": "item/skin/netherite_shovel/blaze_netherite_shovel"
                }
            },
            {
                "threshold": 6,
                "model": {
                    "type": "model",
                    "model": "item/skin/netherite_shovel/netherite_netherite_shovel"
                }
            }
        ]
    }
}