{
    "model": {
        "type": "range_dispatch",
        "property": "custom_model_data",
        "fallback": {
            "type": "model",
            "model": "item/netherite_pickaxe"
        },
        "entries": [
            {
                "threshold": 1,
                "model": {
                    "type": "model",
                    "model": "item/netherite_pickaxe/leather_netherite_pickaxe"
                }
            },
            {
                "threshold": 2,
                "model": {
                    "type": "model",
                    "model": "item/netherite_pickaxe/copper_netherite_pickaxe"
                }
            },
            {
                "threshold": 3,
                "model": {
                    "type": "model",
                    "model": "item/netherite_pickaxe/breeze_netherite_pickaxe"
                }
            },
            {
                "threshold": 4,
                "model": {
                    "type": "model",
                    "model": "item/netherite_pickaxe/gold_netherite_pickaxe"
                }
            },
            {
                "threshold": 5,
                "model": {
                    "type": "model",
                    "model": "item/netherite_pickaxe/blaze_netherite_pickaxe"
                }
            },
            {
                "threshold": 6,
                "model": {
                    "type": "model",
                    "model": "item/netherite_pickaxe/netherite_netherite_pickaxe"
                }
            }
        ]
    }
}