{
    "model": {
        "type": "range_dispatch",
        "property": "custom_model_data",
        "fallback": {
            "type": "model",
            "model": "item/netherite_sword"
        },
        "entries": [
            {
                "threshold": 1,
                "model": {
                    "type": "model",
                    "model": "item/leather_netherite_sword"
                }
            },
            {
                "threshold": 2,
                "model": {
                    "type": "model",
                    "model": "item/netherite_sword/copper_netherite_sword"
                }
            },
            {
                "threshold": 3,
                "model": {
                    "type": "model",
                    "model": "item/netherite_sword/breeze_netherite_sword"
                }
            },
            {
                "threshold": 4,
                "model": {
                    "type": "model",
                    "model": "item/netherite_sword/gold_netherite_sword"
                }
            },
            {
                "threshold": 5,
                "model": {
                    "type": "model",
                    "model": "item/netherite_sword/blaze_netherite_sword"
                }
            },
            {
                "threshold": 6,
                "model": {
                    "type": "model",
                    "model": "item/netherite_sword/netherite_netherite_sword"
                }
            }
        ]
    }
}