{
    "model": {
        "type": "range_dispatch",
        "property": "custom_model_data",
        "fallback": {
            "type": "model",
            "model": "item/netherite_axe"
        },
        "entries": [
            {
                "threshold": 1,
                "model": {
                    "type": "model",
                    "model": "item/netherite_axe/leather_netherite_axe"
                }
            },
            {
                "threshold": 2,
                "model": {
                    "type": "model",
                    "model": "item/netherite_axe/copper_netherite_axe"
                }
            },
            {
                "threshold": 3,
                "model": {
                    "type": "model",
                    "model": "item/netherite_axe/breeze_netherite_axe"
                }
            },
            {
                "threshold": 4,
                "model": {
                    "type": "model",
                    "model": "item/netherite_axe/gold_netherite_axe"
                }
            },
            {
                "threshold": 5,
                "model": {
                    "type": "model",
                    "model": "item/netherite_axe/blaze_netherite_axe"
                }
            },
            {
                "threshold": 6,
                "model": {
                    "type": "model",
                    "model": "item/netherite_axe/netherite_netherite_axe"
                }
            }
        ]
    }
}