{
    "model": {
        "type": "range_dispatch",
        "property": "custom_model_data",
        "fallback": {
            "type": "model",
            "model": "item/stone_sword"
        },
        "entries": [
            {
                "threshold": 1,
                "model": {
                    "type": "model",
                    "model": "item/stone_sword/leather_stone_sword"
                }
            },
            {
                "threshold": 2,
                "model": {
                    "type": "model",
                    "model": "item/stone_sword/copper_stone_sword"
                }
            },
            {
                "threshold": 3,
                "model": {
                    "type": "model",
                    "model": "item/stone_sword/breeze_stone_sword"
                }
            },
            {
                "threshold": 4,
                "model": {
                    "type": "model",
                    "model": "item/stone_sword/gold_stone_sword"
                }
            },
            {
                "threshold": 5,
                "model": {
                    "type": "model",
                    "model": "item/stone_sword/blaze_stone_sword"
                }
            },
            {
                "threshold": 6,
                "model": {
                    "type": "model",
                    "model": "item/stone_sword/netherite_stone_sword"
                }
            }
        ]
    }
}