{
    "model": {
        "type": "range_dispatch",
        "property": "custom_model_data",
        "fallback": {
            "type": "model",
            "model": "item/stone_pickaxe"
        },
        "entries": [
            {
                "threshold": 1,
                "model": {
                    "type": "model",
                    "model": "item/stone_pickaxe/leather_stone_pickaxe"
                }
            },
            {
                "threshold": 2,
                "model": {
                    "type": "model",
                    "model": "item/stone_pickaxe/copper_stone_pickaxe"
                }
            },
            {
                "threshold": 3,
                "model": {
                    "type": "model",
                    "model": "item/stone_pickaxe/breeze_stone_pickaxe"
                }
            },
            {
                "threshold": 4,
                "model": {
                    "type": "model",
                    "model": "item/stone_pickaxe/gold_stone_pickaxe"
                }
            },
            {
                "threshold": 5,
                "model": {
                    "type": "model",
                    "model": "item/stone_pickaxe/blaze_stone_pickaxe"
                }
            },
            {
                "threshold": 6,
                "model": {
                    "type": "model",
                    "model": "item/stone_pickaxe/netherite_stone_pickaxe"
                }
            }
        ]
    }
}