{
    "model": {
        "type": "range_dispatch",
        "property": "custom_model_data",
        "fallback": {
            "type": "model",
            "model": "item/wooden_sword"
        },
        "entries": [
            {
                "threshold": 1,
                "model": {
                    "type": "model",
                    "model": "item/wooden_sword/leather_wooden_sword"
                }
            },
            {
                "threshold": 2,
                "model": {
                    "type": "model",
                    "model": "item/wooden_sword/copper_wooden_sword"
                }
            },
            {
                "threshold": 3,
                "model": {
                    "type": "model",
                    "model": "item/wooden_sword/breeze_wooden_sword"
                }
            },
            {
                "threshold": 4,
                "model": {
                    "type": "model",
                    "model": "item/wooden_sword/gold_wooden_sword"
                }
            },
            {
                "threshold": 5,
                "model": {
                    "type": "model",
                    "model": "item/wooden_sword/blaze_wooden_sword"
                }
            },
            {
                "threshold": 6,
                "model": {
                    "type": "model",
                    "model": "item/wooden_sword/netherite_wooden_sword"
                }
            }
        ]
    }
}