{
    "model": {
        "type": "range_dispatch",
        "property": "custom_model_data",
        "fallback": {
            "type": "model",
            "model": "item/wooden_hoe"
        },
        "entries": [
            {
                "threshold": 1,
                "model": {
                    "type": "model",
                    "model": "item/wooden_hoe/leather_wooden_hoe"
                }
            },
            {
                "threshold": 2,
                "model": {
                    "type": "model",
                    "model": "item/wooden_hoe/copper_wooden_hoe"
                }
            },
            {
                "threshold": 3,
                "model": {
                    "type": "model",
                    "model": "item/wooden_hoe/breeze_wooden_hoe"
                }
            },
            {
                "threshold": 4,
                "model": {
                    "type": "model",
                    "model": "item/wooden_hoe/gold_wooden_hoe"
                }
            },
            {
                "threshold": 5,
                "model": {
                    "type": "model",
                    "model": "item/wooden_hoe/blaze_wooden_hoe"
                }
            },
            {
                "threshold": 6,
                "model": {
                    "type": "model",
                    "model": "item/wooden_hoe/netherite_wooden_hoe"
                }
            }
        ]
    }
}