[
  {
    "function": "minecraft:set_item",
    "item": "minecraft:iron_shovel",
    "conditions": [
      {
        "condition": "minecraft:entity_properties",
        "entity": "this",
        "predicate": {
          "equipment": {
            "head": {
              "items": "minecraft:iron_helmet"
            }
          }
        }
      }
    ]
  },
  {
    "function": "minecraft:set_item",
    "item": "minecraft:diamond_shovel",
    "conditions": [
      {
        "condition": "minecraft:entity_properties",
        "entity": "this",
        "predicate": {
          "equipment": {
            "head": {
              "items": "minecraft:diamond_helmet"
            }
          }
        }
      }
    ]
  },
  {
    "function": "minecraft:set_item",
    "item": "minecraft:netherite_shovel",
    "conditions": [
      {
        "condition": "minecraft:entity_properties",
        "entity": "this",
        "predicate": {
          "equipment": {
            "head": {
              "items": "minecraft:netherite_helmet"
            }
          }
        }
      }
    ]
  },
  {
    "function": "minecraft:set_components",
    "components": {
      "minecraft:attribute_modifiers": {
        "modifiers": [
          {
            "id": "item_damage",
            "type": "minecraft:attack_damage",
            "amount": 6,
            "operation": "add_value",
            "slot": "mainhand"
          },
          {
            "id": "item_damage",
            "type": "minecraft:attack_speed",
            "amount": -2.8,
            "operation": "add_value",
            "slot": "mainhand"
          },
          {
            "id": "item_damage",
            "type": "minecraft:entity_interaction_range",
            "amount": 0,
            "operation": "add_value",
            "slot": "mainhand"
          },
          {
            "id": "item_damage",
            "type": "minecraft:block_interaction_range",
            "amount": 2,
            "operation": "add_value",
            "slot": "mainhand"
          }
        ],
        "show_in_tooltip": true
      },
      "minecraft:enchantments": {}
    },
    "conditions": [
      {
        "condition": "minecraft:entity_properties",
        "entity": "this",
        "predicate": {
          "equipment": {
            "head": {
              "items": "minecraft:iron_helmet"
            }
          }
        }
      }
    ]
  },
  {
    "function": "minecraft:set_components",
    "components": {
      "minecraft:attribute_modifiers": {
        "modifiers": [
          {
            "id": "item_damage",
            "type": "minecraft:attack_damage",
            "amount": 7,
            "operation": "add_value",
            "slot": "mainhand"
          },
          {
            "id": "item_damage",
            "type": "minecraft:attack_speed",
            "amount": -2.8,
            "operation": "add_value",
            "slot": "mainhand"
          },
          {
            "id": "item_damage",
            "type": "minecraft:entity_interaction_range",
            "amount": 0,
            "operation": "add_value",
            "slot": "mainhand"
          },
          {
            "id": "item_damage",
            "type": "minecraft:block_interaction_range",
            "amount": 2,
            "operation": "add_value",
            "slot": "mainhand"
          }
        ],
        "show_in_tooltip": true
      },
      "minecraft:enchantments": {}
    },
    "conditions": [
      {
        "condition": "minecraft:entity_properties",
        "entity": "this",
        "predicate": {
          "equipment": {
            "head": {
              "items": "minecraft:diamond_helmet"
            }
          }
        }
      }
    ]
  },
  {
    "function": "minecraft:set_components",
    "components": {
      "minecraft:attribute_modifiers": {
        "modifiers": [
          {
            "id": "item_damage",
            "type": "minecraft:attack_damage",
            "amount": 8,
            "operation": "add_value",
            "slot": "mainhand"
          },
          {
            "id": "item_damage",
            "type": "minecraft:attack_speed",
            "amount": -2.8,
            "operation": "add_value",
            "slot": "mainhand"
          },
          {
            "id": "item_damage",
            "type": "minecraft:entity_interaction_range",
            "amount": 0,
            "operation": "add_value",
            "slot": "mainhand"
          },
          {
            "id": "item_damage",
            "type": "minecraft:block_interaction_range",
            "amount": 2,
            "operation": "add_value",
            "slot": "mainhand"
          }
        ],
        "show_in_tooltip": true
      },
      "minecraft:enchantments": {}
    },
    "conditions": [
      {
        "condition": "minecraft:entity_properties",
        "entity": "this",
        "predicate": {
          "equipment": {
            "head": {
              "items": "minecraft:netherite_helmet"
            }
          }
        }
      }
    ]
  },
  {
    "function": "minecraft:set_components",
    "components": {
      "minecraft:attribute_modifiers": {
        "modifiers": [
          {
            "id": "item_damage",
            "type": "minecraft:attack_damage",
            "amount": 6,
            "operation": "add_value",
            "slot": "mainhand"
          },
          {
            "id": "item_damage",
            "type": "minecraft:attack_speed",
            "amount": -2.8,
            "operation": "add_value",
            "slot": "mainhand"
          },
          {
            "id": "item_damage",
            "type": "minecraft:entity_interaction_range",
            "amount": 0,
            "operation": "add_value",
            "slot": "mainhand"
          },
          {
            "id": "item_damage",
            "type": "minecraft:block_interaction_range",
            "amount": 2,
            "operation": "add_value",
            "slot": "mainhand"
          }
        ],
        "show_in_tooltip": true
      },
      "minecraft:enchantments": {}
    },
    "conditions": [
      {
        "condition": "minecraft:entity_properties",
        "entity": "this",
        "predicate": {
          "equipment": {
            "head": {
              "items": "minecraft:iron_helmet"
            }
          }
        }
      }
    ]
  },
  {
    "function": "minecraft:set_components",
    "components": {
      "minecraft:attribute_modifiers": {
        "modifiers": [
          {
            "id": "item_damage",
            "type": "minecraft:attack_damage",
            "amount": 7,
            "operation": "add_value",
            "slot": "mainhand"
          },
          {
            "id": "item_damage",
            "type": "minecraft:attack_speed",
            "amount": -2.8,
            "operation": "add_value",
            "slot": "mainhand"
          },
          {
            "id": "item_damage",
            "type": "minecraft:entity_interaction_range",
            "amount": 0,
            "operation": "add_value",
            "slot": "mainhand"
          },
          {
            "id": "item_damage",
            "type": "minecraft:block_interaction_range",
            "amount": 2,
            "operation": "add_value",
            "slot": "mainhand"
          }
        ],
        "show_in_tooltip": true
      },
      "minecraft:enchantments": {}
    },
    "conditions": [
      {
        "condition": "minecraft:entity_properties",
        "entity": "this",
        "predicate": {
          "equipment": {
            "head": {
              "items": "minecraft:diamond_helmet"
            }
          }
        }
      }
    ]
  },
  {
    "function": "minecraft:set_components",
    "components": {
      "minecraft:attribute_modifiers": {
        "modifiers": [
          {
            "id": "item_damage",
            "type": "minecraft:attack_damage",
            "amount": 8,
            "operation": "add_value",
            "slot": "mainhand"
          },
          {
            "id": "item_damage",
            "type": "minecraft:attack_speed",
            "amount": -2.8,
            "operation": "add_value",
            "slot": "mainhand"
          },
          {
            "id": "item_damage",
            "type": "minecraft:entity_interaction_range",
            "amount": 0,
            "operation": "add_value",
            "slot": "mainhand"
          },
          {
            "id": "item_damage",
            "type": "minecraft:block_interaction_range",
            "amount": 2,
            "operation": "add_value",
            "slot": "mainhand"
          }
        ],
        "show_in_tooltip": true
      },
      "minecraft:enchantments": {}
    },
    "conditions": [
      {
        "condition": "minecraft:entity_properties",
        "entity": "this",
        "predicate": {
          "equipment": {
            "head": {
              "items": "minecraft:netherite_helmet"
            }
          }
        }
      }
    ]
  }
]