{
  "description": [
    [
      "",
	  {
        "text": "| ",
        "color": "dark_aqua",
        "italic": false,
        "bold": true
      },
      {
        "translate": "ench_plus.clear_sky.name",
        "color": "aqua",
        "bold": false
      },
      {
        "translate": "ench_plus.clear_sky.lore",
        "fallback": " ",
        "color": "white"
      }
    ]
  ],
  "supported_items": "#ench_plus:range",
  "weight": 1,
  "max_level": 1,
  "min_cost": {
    "base": 2147483647,
    "per_level_above_first": 0
  },
  "max_cost": {
    "base": 2147483647,
    "per_level_above_first": 0
  },
  "anvil_cost": 2147483647,
  "slots": [
    "mainhand",
    "offhand"
  ],
  "effects": {
    "minecraft:damage": [
      {
        "effect": {
          "type": "minecraft:multiply",
          "factor": 1.9
        },
        "requirements": {
          "condition": "minecraft:all_of",
          "terms": [
            {
              "condition": "minecraft:entity_properties",
              "entity": "direct_attacker",
              "predicate": {
                "type": "#minecraft:arrows"
              }
            },
            {
              "condition": "minecraft:entity_properties",
              "entity": "this",
              "predicate": {
                "flags": {
                  "is_on_ground": false
                }
              }
            },
            {
              "condition": "minecraft:entity_properties",
              "entity": "attacker",
              "predicate": {
                "type": "minecraft:player"
              }
            },
            {
              "condition": "minecraft:value_check",
              "value": {
                "type": "minecraft:storage",
                "storage": "lib:enchplus_disable",
                "path": "list.clear_sky"
              },
              "range": 0
            }
          ]
        }
      }
    ],
    "minecraft:post_attack": [
      {
        "enchanted": "attacker",
        "affected": "victim",
        "effect": {
          "type": "minecraft:spawn_particles",
          "particle": {
            "type": "minecraft:gust_emitter_small"
          },
          "horizontal_position": {
            "type": "in_bounding_box"
          },
          "vertical_position": {
            "type": "in_bounding_box"
          },
          "horizontal_velocity": {
            "base": 0
          },
          "vertical_velocity": {},
          "speed": 1
        },
        "requirements": {
          "condition": "minecraft:all_of",
          "terms": [
            {
              "condition": "minecraft:entity_properties",
              "entity": "this",
              "predicate": {
                "type": "minecraft:player",
                "flags": {
                  "is_on_ground": false
                }
              }
            }
          ]
        }
      },
      {
        "enchanted": "attacker",
        "affected": "victim",
        "effect": {
          "type": "minecraft:spawn_particles",
          "particle": {
            "type": "minecraft:gust_emitter_small"
          },
          "horizontal_position": {
            "type": "in_bounding_box"
          },
          "vertical_position": {
            "type": "in_bounding_box"
          },
          "horizontal_velocity": {
            "base": 0
          },
          "vertical_velocity": {},
          "speed": 1
        },
        "requirements": {
          "condition": "minecraft:all_of",
          "terms": [
            {
              "condition": "minecraft:entity_properties",
              "entity": "this",
              "predicate": {
                "type": "minecraft:player",
                "flags": {
                  "is_on_ground": false
                }
              }
            }
          ]
        }
      },
      {
        "enchanted": "attacker",
        "affected": "victim",
        "effect": {
          "type": "minecraft:spawn_particles",
          "particle": {
            "type": "minecraft:gust_emitter_small"
          },
          "horizontal_position": {
            "type": "in_bounding_box"
          },
          "vertical_position": {
            "type": "in_bounding_box"
          },
          "horizontal_velocity": {
            "base": 0
          },
          "vertical_velocity": {},
          "speed": 1
        },
        "requirements": {
          "condition": "minecraft:all_of",
          "terms": [
            {
              "condition": "minecraft:entity_properties",
              "entity": "this",
              "predicate": {
                "type": "minecraft:player",
                "flags": {
                  "is_on_ground": false
                }
              }
            }
          ]
        }
      },
      {
        "enchanted": "attacker",
        "affected": "victim",
        "effect": {
          "type": "minecraft:spawn_particles",
          "particle": {
            "type": "minecraft:gust_emitter_small"
          },
          "horizontal_position": {
            "type": "in_bounding_box"
          },
          "vertical_position": {
            "type": "in_bounding_box"
          },
          "horizontal_velocity": {
            "base": 0
          },
          "vertical_velocity": {},
          "speed": 1
        },
        "requirements": {
          "condition": "minecraft:all_of",
          "terms": [
            {
              "condition": "minecraft:entity_properties",
              "entity": "this",
              "predicate": {
                "type": "minecraft:player",
                "flags": {
                  "is_on_ground": false
                }
              }
            }
          ]
        }
      }
    ]
  }
}
