{
  "description": [
    [
      "",
	  {
        "text": "| ",
        "color": "dark_aqua",
        "italic": false,
        "bold": true
      },
      {
        "translate": "ench_plus.quick_charge.name",
        "color": "aqua",
        "bold": false
      },
      {
        "translate": "ench_plus.quick_charge.lore",
        "fallback": " ",
        "color": "white"
      }
    ]
  ],
  "supported_items": "minecraft:crossbow",
  "weight": 1,
  "max_level": 1,
  "min_cost": {
    "base": 2147483647,
    "per_level_above_first": 0
  },
  "max_cost": {
    "base": 2147483647,
    "per_level_above_first": 0
  },
  "anvil_cost": 2147483647,
  "slots": [
    "mainhand",
    "offhand"
  ],
  "effects": {
    "minecraft:crossbow_charge_time": {
      "type": "minecraft:add",
      "value": {
        "type": "minecraft:linear",
        "base": -0.25,
        "per_level_above_first": -0.25
      }
    },
    "minecraft:crossbow_charging_sounds": [
      {
        "start": "minecraft:item.crossbow.quick_charge_1",
        "end": "minecraft:item.crossbow.loading_end"
      }
    ]
  }
}
