{
  "description": [
    [
      "",
	  {
        "text": "| ",
        "color": "dark_aqua",
        "italic": false,
        "bold": true
      },
      {
        "translate": "ench_plus.slime_hit.name",
        "color": "aqua",
        "bold": false
      },
      {
        "translate": "ench_plus.slime_hit.lore",
        "fallback": " ",
        "color": "white"
      }
    ]
  ],
  "supported_items": "#ench_plus:range",
  "weight": 1,
  "max_level": 1,
  "min_cost": {
    "base": 2147483647,
    "per_level_above_first": 0
  },
  "max_cost": {
    "base": 2147483647,
    "per_level_above_first": 0
  },
  "anvil_cost": 2147483647,
  "slots": [
    "mainhand",
    "offhand"
  ],
  "effects": {
    "minecraft:knockback": [
      {
        "effect": {
          "type": "minecraft:add",
          "value": 1
        },
        "requirements": {
          "condition": "minecraft:all_of",
          "terms": [
            {
              "condition": "minecraft:entity_properties",
              "entity": "direct_attacker",
              "predicate": {
                "type": "#minecraft:arrows"
              }
            },
            {
              "condition": "minecraft:entity_scores",
              "entity": "attacker",
              "scores": {
                "lib.rng": {
                  "min": 1,
                  "max": 40
                }
              }
            },
            {
              "condition": "minecraft:entity_properties",
              "entity": "attacker",
              "predicate": {
                "type": "minecraft:player"
              }
            }
          ]
        }
      }
    ],
    "minecraft:post_attack": [
      {
        "enchanted": "attacker",
        "affected": "victim",
        "effect": {
          "type": "minecraft:spawn_particles",
          "particle": {
            "type": "minecraft:item_slime"
          },
          "horizontal_position": {
            "type": "entity_position"
          },
          "vertical_position": {
            "type": "entity_position"
          },
          "horizontal_velocity": {},
          "vertical_velocity": {},
          "speed": 0.2
        },
        "requirements": {
          "condition": "minecraft:all_of",
          "terms": [
            {
              "condition": "minecraft:entity_scores",
              "entity": "attacker",
              "scores": {
                "lib.rng": {
                  "min": 1,
                  "max": 40
                }
              }
            },
            {
              "condition": "minecraft:entity_properties",
              "entity": "attacker",
              "predicate": {
                "type": "minecraft:player"
              }
            },
            {
              "condition": "minecraft:value_check",
              "value": {
                "type": "minecraft:storage",
                "storage": "lib:enchplus_disable",
                "path": "list.slime_hit"
              },
              "range": 0
            }
          ]
        }
      }
    ]
  }
}
