{
  "description": " ",
  "supported_items": "air",
  "weight": 1,
  "max_level": 1,
  "min_cost": {
    "base": 0,
    "per_level_above_first": 0
  },
  "max_cost": {
    "base": 0,
    "per_level_above_first": 0
  },
  "anvil_cost": 0,
  "slots": [
    "any"
  ],
  "effects": {
    "minecraft:post_attack": [
      {
        "requirements": {
          "condition": "minecraft:entity_properties",
          "entity": "this",
          "predicate": {
            "nbt": "{Health:0.0f}"
          }
        },
        "effect": {
          "type": "minecraft:run_function",
          "function": "arcade:protect_crystal/spawn/event/4/fake_death"
        },
        "enchanted": "victim",
        "affected": "victim"
      }
    ]
  }
}