{
  "description": " ",
  "supported_items": "air",
  "weight": 1,
  "max_level": 1,
  "min_cost": {
    "base": 0,
    "per_level_above_first": 0
  },
  "max_cost": {
    "base": 0,
    "per_level_above_first": 0
  },
  "anvil_cost": 0,
  "slots": [
    "any"
  ],
  "effects": {
    "minecraft:tick": [
      {
        "requirements": {
          "condition": "minecraft:time_check",
          "value": 1,
          "period": 40
        },
        "effect": {
          "type": "minecraft:run_function",
          "function": "arcade:protect_crystal/spawn/event/3/poison_clear"
        }
      },
      {
        "requirements": {
          "condition": "minecraft:all_of",
          "terms": [
            {
              "condition": "minecraft:time_check",
              "value": 1,
              "period": 80
            },
            {
              "condition": "minecraft:inverted",
              "term": {
                "condition": "minecraft:value_check",
                "value": {
                  "type": "minecraft:storage",
                  "storage": "arcade:activity",
                  "path": "data.event.type.3"
                },
                "range": 1
              }
            }
          ]
        },
        "effect": {
          "type": "minecraft:run_function",
          "function": "arcade:protect_crystal/spawn/event/3/disable"
        }
      }
    ]
  }
}