{
  "description": [
    [
      "",
      {
        "text": "| ",
        "color": "dark_aqua",
        "bold": true,
        "italic": false
      },
      {
        "translate": "ench_plus.breakfast.name",
        "color": "aqua",
        "bold": false
      },
      {
        "translate": "ench_plus.breakfast.lore",
        "fallback": " ",
        "color": "white"
      }
    ]
  ],
  "supported_items": "#ench_plus:melee",
  "weight": 1,
  "max_level": 1,
  "min_cost": {
    "base": 2147483647,
    "per_level_above_first": 0
  },
  "max_cost": {
    "base": 2147483647,
    "per_level_above_first": 0
  },
  "anvil_cost": 2147483647,
  "slots": [
    "mainhand"
  ],
  "effects": {
    "minecraft:post_attack": [
      {
        "enchanted": "attacker",
        "affected": "victim",
        "effect": {
          "type": "minecraft:run_function",
          "function": "ench_plus:enchantment/melee/breakfast/state_one"
        },
        "requirements": {
          "condition": "minecraft:all_of",
          "terms": [
            {
              "condition": "minecraft:entity_scores",
              "entity": "attacker",
              "scores": {
                "lib.rng": {
                  "min": 1,
                  "max": 30
                }
              }
            },
            {
              "condition": "minecraft:inverted",
              "term": {
                "condition": "minecraft:entity_scores",
                "entity": "attacker",
                "scores": {
                  "ench_breakfast_cooldown": {
                    "min": 1,
                    "max": 2147483647
                  }
                }
              }
            },
            {
              "condition": "minecraft:damage_source_properties",
              "predicate": {
                "is_direct": true
              }
            },
            {
              "condition": "minecraft:entity_properties",
              "entity": "attacker",
              "predicate": {
                "type": "minecraft:player"
              }
            },
            {
              "condition": "minecraft:value_check",
              "value": {
                "type": "minecraft:storage",
                "storage": "lib:enchplus_disable",
                "path": "list.breakfast"
              },
              "range": 0
            }
          ]
        }
      }
    ]
  }
}
