{
  "type": "minecraft:block",
  "pools": [
    {
      "rolls": 1,
      "entries": [
        {
          "type": "minecraft:alternatives",
          "children": [
            {
              "type": "minecraft:item",
              "name": "minecraft:amethyst_cluster",
              "conditions": [
                {
                  "condition": "minecraft:reference",
                  "name": "ench_plus:tools/silk_touch"
                }
              ]
            },
            {
              "type": "minecraft:item",
              "name": "minecraft:amethyst_shard",
              "functions": [
                {
                  "function": "minecraft:set_count",
                  "count": 4,
                  "add": false
                },
                {
                  "function": "minecraft:set_count",
                  "count": {
                    "min": 5,
                    "max": 8
                  },
                  "add": false,
                  "conditions": [
                    {
                      "condition": "minecraft:match_tool",
                      "predicate": {
                        "predicates": {
                          "minecraft:enchantments": [
                            {
                              "enchantments": "ench_plus:rule_base/tool/fortune"
                            }
                          ]
                        }
                      }
                    }
                  ]
                },
                {
                  "function": "minecraft:set_count",
                  "count": {
                    "min": 8,
                    "max": 16
                  },
                  "add": false,
                  "conditions": [
                    {
                      "condition": "minecraft:match_tool",
                      "predicate": {
                        "predicates": {
                          "minecraft:enchantments": [
                            {
                              "enchantments": "ench_plus:rule_plus/tool/fortune"
                            }
                          ]
                        }
                      }
                    }
                  ]
                }
              ],
              "conditions": [
                {
                  "condition": "minecraft:survives_explosion"
                }
              ]
            }
          ]
        }
      ]
    }
  ]
}