{
  "type": "minecraft:block",
  "pools": [
    {
      "bonus_rolls": 0.0,
      "entries": [
        {
          "type": "minecraft:alternatives",
          "children": [
            {
              "type": "minecraft:item",
              "conditions": [
                {
                  "condition": "minecraft:reference",
                  "name": "ench_plus:tools/silk_touch"
                }
              ],
              "functions": [
                {
                  "function": "minecraft:copy_components",
                  "include": [
                    "minecraft:bees"
                  ],
                  "source": "block_entity"
                },
                {
                  "block": "minecraft:beehive",
                  "function": "minecraft:copy_state",
                  "properties": [
                    "honey_level"
                  ]
                }
              ],
              "name": "minecraft:beehive"
            },
            {
              "type": "minecraft:item",
              "name": "minecraft:beehive"
            }
          ]
        }
      ],
      "rolls": 1.0
    }
  ],
  "random_sequence": "minecraft:blocks/beehive"
}