{
  "type": "minecraft:block",
  "functions": [],
  "pools": [
    {
      "rolls": 1,
      "entries": [
        {
          "type": "minecraft:item",
          "name": "minecraft:beetroot",
          "conditions": [
            {
              "condition": "minecraft:block_state_property",
              "block": "minecraft:beetroots",
              "properties": {
                "age": "3"
              }
            }
          ]
        }
      ]
    },
    {
      "rolls": 1,
      "entries": [
        {
          "type": "minecraft:item",
          "name": "minecraft:beetroot_seeds",
          "functions": [
            {
              "function": "minecraft:set_count",
              "count": 1,
              "add": false,
              "conditions": []
            },
            {
              "function": "minecraft:set_count",
              "count": {
                "min": 1,
                "max": 2
              },
              "add": false,
              "conditions": [
                {
                  "condition": "minecraft:block_state_property",
                  "block": "minecraft:beetroots",
                  "properties": {
                    "age": "3"
                  }
                }
              ]
            },
            {
              "function": "minecraft:set_count",
              "count": {
                "min": 1,
                "max": 5
              },
              "add": false,
              "conditions": [
                {
                  "condition": "minecraft:match_tool",
                  "predicate": {
                    "predicates": {
                      "minecraft:enchantments": [
                        {
                          "enchantments": "ench_plus:rule_base/tool/fortune"
                        }
                      ]
                    }
                  }
                },
                {
                  "condition": "minecraft:block_state_property",
                  "block": "minecraft:wheat",
                  "properties": {
                    "age": "7"
                  }
                }
              ]
            },
            {
              "function": "minecraft:set_count",
              "count": {
                "min": 2,
                "max": 6
              },
              "add": false,
              "conditions": [
                {
                  "condition": "minecraft:match_tool",
                  "predicate": {
                    "predicates": {
                      "minecraft:enchantments": [
                        {
                          "enchantments": "ench_plus:rule_plus/tool/fortune"
                        }
                      ]
                    }
                  }
                },
                {
                  "condition": "minecraft:block_state_property",
                  "block": "minecraft:beetroots",
                  "properties": {
                    "age": "3"
                  }
                }
              ]
            }
          ],
          "conditions": []
        }
      ]
    }
  ]
}