{
    "parent": "minecraft:adventure/root",
    "criteria": {
      "victim_bugged": {
        "trigger": "minecraft:player_killed_entity",
        "conditions": {
          "player": [
            {
              "condition": "minecraft:entity_scores",
              "entity": "this",
              "scores": {
                "lib.mark_p": {
                  "min": 1,
                  "max": 2147483647
                }
              }
            }
          ],
          "entity": [
            {
              "condition": "minecraft:entity_properties",
              "entity": "this",
              "predicate": {
                "type": "#lib_marked:can_be_marked"
              }
            }
          ]
        }
      }
    },
    "rewards": {
      "function": "lib_marked:search_reduce"
    }
  }
  