{
  "pools": [
    {
      "rolls": 1,
      "entries": [
        {
          "type": "minecraft:item",
          "name": "minecraft:bow",
          "functions": [
            {
              "function": "minecraft:set_components",
              "components": {
                "minecraft:unbreakable": {
                  "show_in_tooltip": true
                },
                "minecraft:max_damage": 384
              }
            }
          ]
        }
      ]
    }
  ]
}