{
  "description": [
    [
      "",
	  {
        "text": "| ",
        "color": "gold",
        "italic": false,
        "bold": true
      },
      {
        "translate": "ench_plus.void_attack.name",
        "color": "yellow",
        "bold": false
      },
      {
        "translate": "ench_plus.void_attack.lore",
        "fallback": " ",
        "color": "white"
      }
    ]
  ],
  "supported_items": "#ench_plus:melee",
  "weight": 1,
  "max_level": 1,
  "min_cost": {
    "base": 2147483647,
    "per_level_above_first": 0
  },
  "max_cost": {
    "base": 2147483647,
    "per_level_above_first": 0
  },
  "anvil_cost": 2147483647,
  "slots": [
    "mainhand"
  ],
  "effects": {
    "minecraft:damage": [
      {
        "effect": {
          "type": "minecraft:add",
          "value": 0.4
        },
        "requirements": {
          "condition": "minecraft:all_of",
          "terms": [
            {
              "condition": "minecraft:entity_properties",
              "entity": "this",
              "predicate": {
                "equipment": {
                  "head": {
                    "predicates": {
                      "minecraft:enchantments": [
                        {
                          "levels": {
                            "min": 1,
                            "max": 255
                          }
                        }
                      ]
                    }
                  }
                }
              }
            },
            {
              "condition": "minecraft:value_check",
              "value": {
                "type": "minecraft:storage",
                "storage": "lib:enchplus_disable",
                "path": "list.void_attack"
              },
              "range": 0
            }
          ]
        }
      },
      {
        "effect": {
          "type": "minecraft:add",
          "value": 0.4
        },
        "requirements": {
          "condition": "minecraft:all_of",
          "terms": [
            {
              "condition": "minecraft:entity_properties",
              "entity": "this",
              "predicate": {
                "equipment": {
                  "chest": {
                    "predicates": {
                      "minecraft:enchantments": [
                        {
                          "levels": {
                            "min": 1,
                            "max": 255
                          }
                        }
                      ]
                    }
                  }
                }
              }
            },
            {
              "condition": "minecraft:value_check",
              "value": {
                "type": "minecraft:storage",
                "storage": "lib:enchplus_disable",
                "path": "list.void_attack"
              },
              "range": 0
            }
          ]
        }
      },
      {
        "effect": {
          "type": "minecraft:add",
          "value": 0.4
        },
        "requirements": {
          "condition": "minecraft:all_of",
          "terms": [
            {
              "condition": "minecraft:entity_properties",
              "entity": "this",
              "predicate": {
                "equipment": {
                  "legs": {
                    "predicates": {
                      "minecraft:enchantments": [
                        {
                          "levels": {
                            "min": 1,
                            "max": 255
                          }
                        }
                      ]
                    }
                  }
                }
              }
            },
            {
              "condition": "minecraft:value_check",
              "value": {
                "type": "minecraft:storage",
                "storage": "lib:enchplus_disable",
                "path": "list.void_attack"
              },
              "range": 0
            }
          ]
        }
      },
      {
        "effect": {
          "type": "minecraft:add",
          "value": 0.4
        },
        "requirements": {
          "condition": "minecraft:all_of",
          "terms": [
            {
              "condition": "minecraft:entity_properties",
              "entity": "this",
              "predicate": {
                "equipment": {
                  "feet": {
                    "predicates": {
                      "minecraft:enchantments": [
                        {
                          "levels": {
                            "min": 1,
                            "max": 255
                          }
                        }
                      ]
                    }
                  }
                }
              }
            },
            {
              "condition": "minecraft:value_check",
              "value": {
                "type": "minecraft:storage",
                "storage": "lib:enchplus_disable",
                "path": "list.void_attack"
              },
              "range": 0
            }
          ]
        }
      },
      {
        "effect": {
          "type": "minecraft:add",
          "value": 0.4
        },
        "requirements": {
          "condition": "minecraft:all_of",
          "terms": [
            {
              "condition": "minecraft:entity_properties",
              "entity": "this",
              "predicate": {
                "equipment": {
                  "mainhand": {
                    "predicates": {
                      "minecraft:enchantments": [
                        {
                          "levels": {
                            "min": 1,
                            "max": 255
                          }
                        }
                      ]
                    }
                  }
                }
              }
            },
            {
              "condition": "minecraft:value_check",
              "value": {
                "type": "minecraft:storage",
                "storage": "lib:enchplus_disable",
                "path": "list.void_attack"
              },
              "range": 0
            }
          ]
        }
      },
      {
        "effect": {
          "type": "minecraft:add",
          "value": 0.4
        },
        "requirements": {
          "condition": "minecraft:all_of",
          "terms": [
            {
              "condition": "minecraft:entity_properties",
              "entity": "this",
              "predicate": {
                "equipment": {
                  "offhand": {}
                }
              }
            },
            {
              "condition": "minecraft:value_check",
              "value": {
                "type": "minecraft:storage",
                "storage": "lib:enchplus_disable",
                "path": "list.void_attack"
              },
              "range": 0
            }
          ]
        }
      }
    ],
    "minecraft:post_attack": [
      {
        "enchanted": "attacker",
        "affected": "victim",
        "effect": {
          "type": "minecraft:spawn_particles",
          "particle": {
            "type": "minecraft:block",
            "block_state": "minecraft:nether_portal"
          },
          "horizontal_position": {
            "type": "entity_position"
          },
          "vertical_position": {
            "type": "entity_position"
          },
          "horizontal_velocity": {},
          "vertical_velocity": {},
          "speed": 1
        },
        "requirements": {
          "condition": "minecraft:any_of",
          "terms": [
            {
              "condition": "minecraft:entity_properties",
              "entity": "this",
              "predicate": {
                "equipment": {
                  "head": {
                    "predicates": {
                      "minecraft:enchantments": [
                        {
                          "levels": {
                            "min": 1,
                            "max": 255
                          }
                        }
                      ]
                    }
                  }
                }
              }
            },
            {
              "condition": "minecraft:entity_properties",
              "entity": "this",
              "predicate": {
                "equipment": {
                  "chest": {
                    "predicates": {
                      "minecraft:enchantments": [
                        {
                          "levels": {
                            "min": 1,
                            "max": 255
                          }
                        }
                      ]
                    }
                  }
                }
              }
            },
            {
              "condition": "minecraft:entity_properties",
              "entity": "this",
              "predicate": {
                "equipment": {
                  "legs": {
                    "predicates": {
                      "minecraft:enchantments": [
                        {
                          "levels": {
                            "min": 1,
                            "max": 255
                          }
                        }
                      ]
                    }
                  }
                }
              }
            },
            {
              "condition": "minecraft:entity_properties",
              "entity": "this",
              "predicate": {
                "equipment": {
                  "feet": {
                    "predicates": {
                      "minecraft:enchantments": [
                        {
                          "levels": {
                            "min": 1,
                            "max": 255
                          }
                        }
                      ]
                    }
                  }
                }
              }
            },
            {
              "condition": "minecraft:entity_properties",
              "entity": "this",
              "predicate": {
                "equipment": {
                  "mainhand": {
                    "predicates": {
                      "minecraft:enchantments": [
                        {
                          "levels": {
                            "min": 1,
                            "max": 255
                          }
                        }
                      ]
                    }
                  }
                }
              }
            },
            {
              "condition": "minecraft:entity_properties",
              "entity": "this",
              "predicate": {
                "equipment": {
                  "offhand": {
                    "predicates": {
                      "minecraft:enchantments": [
                        {
                          "levels": {
                            "min": 1,
                            "max": 255
                          }
                        }
                      ]
                    }
                  }
                }
              }
            }
          ]
        }
      }
    ]
  }
}
