{
  "description": " ",
  "supported_items": "air",
  "weight": 1,
  "max_level": 1,
  "min_cost": {
    "base": 0,
    "per_level_above_first": 0
  },
  "max_cost": {
    "base": 0,
    "per_level_above_first": 0
  },
  "anvil_cost": 0,
  "slots": [
    "any"
  ],
  "effects": {
    "minecraft:tick": [
      {
        "requirements": {
          "condition": "minecraft:time_check",
          "value": 1,
          "period": 20
        },
        "effect": {
          "type": "minecraft:change_item_damage",
          "amount": -1
        }
      },
      {
        "requirements": {
          "condition": "minecraft:all_of",
          "terms": [
            {
              "condition": "minecraft:time_check",
              "value": 1,
              "period": 20
            },
            {
              "condition": "minecraft:any_of",
              "terms": [
                {
                  "condition": "minecraft:entity_properties",
                  "entity": "this",
                  "predicate": {
                    "equipment": {
                      "head": {
                        "predicates": {
                          "minecraft:damage": {
                            "damage": {
                              "min": 0,
                              "max": 10
                            }
                          }
                        }
                      }
                    }
                  }
                },
                {
                  "condition": "minecraft:entity_properties",
                  "entity": "this",
                  "predicate": {
                    "equipment": {
                      "head": {
                        "predicates": {
                          "minecraft:damage": {
                            "damage": 20
                          }
                        }
                      }
                    }
                  }
                },
                {
                  "condition": "minecraft:entity_properties",
                  "entity": "this",
                  "predicate": {
                    "equipment": {
                      "head": {
                        "predicates": {
                          "minecraft:damage": {
                            "damage": 30
                          }
                        }
                      }
                    }
                  }
                },
                {
                  "condition": "minecraft:entity_properties",
                  "entity": "this",
                  "predicate": {
                    "equipment": {
                      "head": {
                        "predicates": {
                          "minecraft:damage": {
                            "damage": 45
                          }
                        }
                      }
                    }
                  }
                },
                {
                  "condition": "minecraft:entity_properties",
                  "entity": "this",
                  "predicate": {
                    "equipment": {
                      "head": {
                        "predicates": {
                          "minecraft:damage": {
                            "damage": 60
                          }
                        }
                      }
                    }
                  }
                }
              ]
            }
          ]
        },
        "effect": {
          "type": "minecraft:play_sound",
          "sound": "minecraft:entity.item.pickup",
          "volume": 1.5,
          "pitch": {
            "type": "minecraft:uniform",
            "min_inclusive": 1,
            "max_exclusive": 1.8
          }
        }
      },
      {
        "requirements": {
          "condition": "minecraft:time_check",
          "value": 1,
          "period": 20
        },
        "effect": {
          "type": "minecraft:run_function",
          "function": "arcade:protect_crystal/spawn/display/update_timer"
        }
      }
    ]
  }
}