{
  "condition": "minecraft:any_of",
  "terms": [
    {
      "condition": "minecraft:match_tool",
      "predicate": {
        "predicates": {
          "minecraft:enchantments": [
            {
              "enchantments": "ench_plus:rule_base/tool/silk_touch",
              "levels": 1
            }
          ]
        }
      }
    },
    {
      "condition": "minecraft:all_of",
      "terms": [
        {
          "condition": "minecraft:entity_properties",
          "entity": "this",
          "predicate": {
            "flags": {
              "is_sneaking": false
            }
          }
        },
        {
          "condition": "minecraft:match_tool",
          "predicate": {
            "predicates": {
              "minecraft:enchantments": [
                {
                  "enchantments": "ench_plus:rule_plus/tool/silk_touch",
                  "levels": 1
                }
              ]
            }
          }
        }
      ]
    }
  ]
}
