{
  "description": [
    [
      "",
      {
        "text": "| ",
        "color": "dark_aqua",
        "bold": true,
        "italic": false
      },
      {
        "translate": "ench_plus.eyes_up_guardian.name",
        "color": "aqua",
        "bold": false
      },
      {
        "translate": "ench_plus.eyes_up_guardian.lore",
        "fallback": " ",
        "color": "white"
      }
    ]
  ],
  "supported_items": "#ench_plus:global",
  "weight": 1,
  "max_level": 1,
  "min_cost": {
    "base": 2147483647,
    "per_level_above_first": 0
  },
  "max_cost": {
    "base": 2147483647,
    "per_level_above_first": 0
  },
  "anvil_cost": 2147483647,
  "slots": [
    "mainhand",
    "offhand"
  ],
  "effects": {
    "minecraft:damage": [
      {
        "effect": {
          "type": "minecraft:multiply",
          "factor": 2
        },
        "requirements": {
          "condition": "minecraft:all_of",
          "terms": [
            {
              "condition": "minecraft:location_check",
              "predicate": {
                "light": {
                  "light": {
                    "min": 3,
                    "max": 15
                  }
                }
              }
            },
            {
              "condition": "minecraft:value_check",
              "value": {
                "type": "minecraft:storage",
                "storage": "lib:enchplus_disable",
                "path": "list.base_eyes_up_guardian"
              },
              "range": 0
            }
          ]
        }
      }
    ],
    "minecraft:location_changed": [
      {
        "effect": {
          "type": "minecraft:spawn_particles",
          "particle": {
            "type": "minecraft:ominous_spawning"
          },
          "horizontal_position": {
            "type": "in_bounding_box",
            "scale": 1.2
          },
          "vertical_position": {
            "type": "in_bounding_box",
            "scale": 1.2
          },
          "horizontal_velocity": {},
          "vertical_velocity": {},
          "speed": 0.1
        },
        "requirements": {
          "condition": "minecraft:all_of",
          "terms": [
            {
              "condition": "minecraft:location_check",
              "predicate": {
                "light": {
                  "light": {
                    "min": 3,
                    "max": 15
                  }
                }
              }
            },
            {
              "condition": "minecraft:value_check",
              "value": {
                "type": "minecraft:storage",
                "storage": "lib:enchplus_disable",
                "path": "list.base_eyes_up_guardian"
              },
              "range": 0
            }
          ]
        }
      },
      {
        "effect": {
          "type": "minecraft:spawn_particles",
          "particle": {
            "type": "minecraft:ominous_spawning"
          },
          "horizontal_position": {
            "type": "in_bounding_box",
            "scale": 1.2
          },
          "vertical_position": {
            "type": "in_bounding_box",
            "scale": 1.2
          },
          "horizontal_velocity": {},
          "vertical_velocity": {},
          "speed": 0.1
        },
        "requirements": {
          "condition": "minecraft:all_of",
          "terms": [
            {
              "condition": "minecraft:location_check",
              "predicate": {
                "light": {
                  "light": {
                    "min": 3,
                    "max": 15
                  }
                }
              }
            },
            {
              "condition": "minecraft:value_check",
              "value": {
                "type": "minecraft:storage",
                "storage": "lib:enchplus_disable",
                "path": "list.base_eyes_up_guardian"
              },
              "range": 0
            }
          ]
        }
      },
      {
        "effect": {
          "type": "minecraft:spawn_particles",
          "particle": {
            "type": "minecraft:ominous_spawning"
          },
          "horizontal_position": {
            "type": "in_bounding_box",
            "scale": 1.2
          },
          "vertical_position": {
            "type": "in_bounding_box",
            "scale": 1.2
          },
          "horizontal_velocity": {},
          "vertical_velocity": {},
          "speed": 0.1
        },
        "requirements": {
          "condition": "minecraft:all_of",
          "terms": [
            {
              "condition": "minecraft:location_check",
              "predicate": {
                "light": {
                  "light": {
                    "min": 3,
                    "max": 15
                  }
                }
              }
            },
            {
              "condition": "minecraft:value_check",
              "value": {
                "type": "minecraft:storage",
                "storage": "lib:enchplus_disable",
                "path": "list.base_eyes_up_guardian"
              },
              "range": 0
            }
          ]
        }
      }
    ]
  }
}
