{
    "description": " ",
    "supported_items": "air",
    "weight": 1,
    "max_level": 1,
    "min_cost": {
      "base": 0,
      "per_level_above_first": 0
    },
    "max_cost": {
      "base": 0,
      "per_level_above_first": 0
    },
    "anvil_cost": 0,
    "slots": [
      "any"
    ],
    "effects": {
      "minecraft:post_attack": [
        {
          "effect": {
            "type": "minecraft:apply_mob_effect",
            "to_apply": "minecraft:mining_fatigue",
            "min_duration": 5,
            "max_duration": 5,
            "min_amplifier": 5,
            "max_amplifier": 5
          },
          "enchanted": "attacker",
          "affected": "victim"
        }
      ],
      "minecraft:mob_experience": [
        {
          "effect": {
            "type": "minecraft:set",
            "value": -1040
          }
        }
      ]
    }
  }