{
    "description": " ",
    "supported_items": "air",
    "weight": 1,
    "max_level": 1,
    "min_cost": {
      "base": 0,
      "per_level_above_first": 0
    },
    "max_cost": {
      "base": 0,
      "per_level_above_first": 0
    },
    "anvil_cost": 0,
    "slots": [
      "any"
    ],
    "effects": {
      "minecraft:tick": [
        {
          "requirements": {
            "condition": "minecraft:time_check",
            "value": 1,
            "period": 30
          },
          "effect": {
            "type": "minecraft:run_function",
            "function": "arcade:protect_crystal/entity/cmd_macro/shield_cast"
          }
        },
        {
          "requirements": {
            "condition": "minecraft:time_check",
            "value": 1,
            "period": 30
          },
          "effect": {
            "type": "minecraft:damage_entity",
            "damage_type": "minecraft:freeze",
            "min_damage": 2,
            "max_damage": 2
          }
        }
      ],
      "minecraft:post_attack": [
        {
          "requirements": {
            "condition": "minecraft:entity_properties",
            "entity": "this",
            "predicate": {
              "nbt": "{Health:0.0f}"
            }
          },
          "effect": {
            "type": "minecraft:run_function",
            "function": "arcade:protect_crystal/entity/cmd_macro/shield_end"
          },
          "enchanted": "victim",
          "affected": "victim"
        }
      ],
      "minecraft:mob_experience": [
        {
          "effect": {
            "type": "minecraft:set",
            "value": -1040
          }
        }
      ]
    }
  }