{
  "description": {
    "text": "[ ! ] ¡Este objeto se puede lanzar!",
    "color": "red"
  },
  "supported_items": "minecraft:snowball",
  "weight": 1,
  "max_level": 1,
  "min_cost": {
    "base": 0,
    "per_level_above_first": 0
  },
  "max_cost": {
    "base": 0,
    "per_level_above_first": 0
  },
  "anvil_cost": 0,
  "slots": [
    "mainhand",
    "offhand"
  ],
  "effects": {
    "minecraft:projectile_spawned": [
      {
        "effect": {
          "type": "minecraft:run_function",
          "function": "arcade:protect_crystal/item/end_core/shoot"
        }
      }
    ]
  }
}