{
  "description": " ",
  "supported_items": "air",
  "weight": 1,
  "max_level": 1,
  "min_cost": {
    "base": 0,
    "per_level_above_first": 0
  },
  "max_cost": {
    "base": 0,
    "per_level_above_first": 0
  },
  "anvil_cost": 0,
  "slots": [
    "head"
  ],
  "effects": {
    "minecraft:prevent_armor_change": {},
    "minecraft:location_changed": [
      {
        "requirements": {
          "condition": "minecraft:time_check",
          "value": 1,
          "period": 10
        },
        "effect": {
          "type": "minecraft:change_item_damage",
          "amount": 1
        }
      },
      {
        "requirements": {
          "condition": "minecraft:time_check",
          "value": 1,
          "period": 10
        },
        "effect": {
          "type": "minecraft:run_function",
          "function": "arcade:protect_crystal/item/winner_crown/firework"
        }
      }
    ]
  }
}