{
  "description": [
    [
      "",
	  {
        "text": "| ",
        "color": "dark_aqua",
        "italic": false,
        "bold": true
      },
      {
        "translate": "ench_plus.banshee_was_here.name",
        "color": "aqua",
        "bold": false
      },
      {
        "translate": "ench_plus.banshee_was_here.lore",
        "fallback": " ",
        "color": "white"
      }
    ]
  ],
  "supported_items": "#ench_plus:melee",
  "weight": 1,
  "max_level": 1,
  "min_cost": {
    "base": 2147483647,
    "per_level_above_first": 0
  },
  "max_cost": {
    "base": 2147483647,
    "per_level_above_first": 0
  },
  "anvil_cost": 2147483647,
  "slots": [
    "mainhand"
  ],
  "effects": {
    "minecraft:damage": [
      {
        "effect": {
          "type": "minecraft:add",
          "value": 3
        },
        "requirements": {
          "condition": "minecraft:all_of",
          "terms": [
            {
              "condition": "minecraft:damage_source_properties",
              "predicate": {
                "is_direct": true
              }
            },
            {
              "condition": "minecraft:entity_properties",
              "entity": "attacker",
              "predicate": {
                "type": "minecraft:player"
              }
            },
            {
              "condition": "minecraft:value_check",
              "value": {
                "type": "minecraft:storage",
                "storage": "lib:enchplus_disable",
                "path": "list.banshee_was_here"
              },
              "range": 0
            }
          ]
        }
      }
    ]
  }
}
