{
    "type": "minecraft:gift",
    "pools": [
      {
        "rolls": 1,
        "entries": [
          {
            "type": "minecraft:item",
            "name": "minecraft:coal",
            "functions": [
              {
                "function": "minecraft:set_count",
                "count": {
                  "min": 0,
                  "max": 1
                },
                "add": true
              },
              {
                "function": "minecraft:set_count",
                "count": {
                  "min": 1,
                  "max": 2
                },
                "add": true
              }
            ]
          },
          {
            "type": "minecraft:item",
            "name": "minecraft:raw_gold",
            "functions": [
              {
                "function": "minecraft:set_count",
                "count": {
                  "min": 0,
                  "max": 1
                },
                "add": true
              },
              {
                "function": "minecraft:set_count",
                "count": {
                  "min": 1,
                  "max": 2
                },
                "add": true
              }
            ]
          },
          {
            "type": "minecraft:item",
            "name": "minecraft:raw_copper",
            "functions": [
              {
                "function": "minecraft:set_count",
                "count": {
                  "min": 0,
                  "max": 1
                },
                "add": true
              },
              {
                "function": "minecraft:set_count",
                "count": {
                  "min": 1,
                  "max": 2
                },
                "add": true
              }
            ]
          },
          {
            "type": "minecraft:item",
            "name": "minecraft:raw_iron",
            "functions": [
              {
                "function": "minecraft:set_count",
                "count": {
                  "min": 0,
                  "max": 1
                },
                "add": true
              },
              {
                "function": "minecraft:set_count",
                "count": {
                  "min": 1,
                  "max": 2
                },
                "add": true
              }
            ]
          },
          {
            "type": "minecraft:item",
            "name": "minecraft:lapis_lazuli",
            "functions": [
              {
                "function": "minecraft:set_count",
                "count": {
                  "min": 0,
                  "max": 1
                },
                "add": true
              },
              {
                "function": "minecraft:set_count",
                "count": {
                  "min": 1,
                  "max": 2
                },
                "add": true
              }
            ]
          },
          {
            "type": "minecraft:item",
            "name": "minecraft:redstone",
            "functions": [
              {
                "function": "minecraft:set_count",
                "count": {
                  "min": 0,
                  "max": 1
                },
                "add": true
              },
              {
                "function": "minecraft:set_count",
                "count": {
                  "min": 1,
                  "max": 2
                },
                "add": true
              }
            ]
          },
          {
            "type": "minecraft:item",
            "name": "minecraft:diamond",
            "functions": [
              {
                "function": "minecraft:set_count",
                "count": {
                  "min": 0,
                  "max": 1
                },
                "add": true
              },
              {
                "function": "minecraft:set_count",
                "count": {
                  "min": 1,
                  "max": 2
                },
                "add": true
              }
            ]
          }
        ]
      }
    ]
  }
  