{
    "criteria": {
      "base": {
        "trigger": "minecraft:player_killed_entity",
        "conditions": {
          "player": [
            {
              "condition": "minecraft:all_of",
              "terms": [
                {
                  "condition": "minecraft:entity_scores",
                  "entity": "this",
                  "scores": {
                    "lib.rng": {
                      "min": 1,
                      "max": 40
                    }
                  }
                },
                {
                  "condition": "minecraft:entity_properties",
                  "entity": "this",
                  "predicate": {
                    "slots": {
                      "hotbar.*": {
                        "items": "minecraft:crossbow",
                        "components": {
                          "minecraft:charged_projectiles": []
                        },
                        "predicates": {
                          "minecraft:enchantments": [
                            {
                              "enchantments": "ench_plus:rule_base/range/command",
                              "levels": 1
                            }
                          ]
                        }
                      }
                    }
                  }
                },
                {
                  "condition": "minecraft:reference",
                  "name": "ench_plus:range/command_ammo"
                }
              ]
            }
          ]
        }
      }
    },
    "requirements": [
      [
        "base"
      ]
    ],
    "rewards": {
      "function": "ench_plus:enchantment/range/command/reload_candidate"
    }
  }
  