{
  "textures": {
    "layer0": "item/arcade_entities/entity_aoe",
    "particle": "item/arcade_entities/entity_aoe"
  },
  "elements": [
    {
      "from": [
        -16,
        -16,
        -16
      ],
      "to": [
        -16,
        0,
        32
      ],
      "light_emission": 15,
      "rotation": {
        "angle": 0,
        "axis": "y",
        "origin": [
          -16,
          -16,
          -16
        ]
      },
      "faces": {
        "east": {
          "uv": [
            0,
            0,
            16,
            16
          ],
          "texture": "#layer0",
          "tintindex": 0
        },
        "west": {
          "uv": [
            0,
            0,
            16,
            16
          ],
          "texture": "#layer0",
          "tintindex": 0
        }
      }
    },
    {
      "from": [
        32,
        -16,
        -16
      ],
      "to": [
        32,
        0,
        32
      ],
      "light_emission": 15,
      "rotation": {
        "angle": 0,
        "axis": "y",
        "origin": [
          32,
          -16,
          -16
        ]
      },
      "faces": {
        "east": {
          "uv": [
            0,
            0,
            16,
            16
          ],
          "texture": "#layer0",
          "tintindex": 0
        },
        "west": {
          "uv": [
            0,
            0,
            16,
            16
          ],
          "texture": "#layer0",
          "tintindex": 0
        }
      }
    },
    {
      "from": [
        -16,
        -16,
        -16
      ],
      "to": [
        32,
        0,
        -16
      ],
      "light_emission": 15,
      "rotation": {
        "angle": 0,
        "axis": "y",
        "origin": [
          31,
          -16,
          -16
        ]
      },
      "faces": {
        "north": {
          "uv": [
            0,
            0,
            16,
            16
          ],
          "texture": "#layer0",
          "tintindex": 0
        },
        "south": {
          "uv": [
            0,
            0,
            16,
            16
          ],
          "texture": "#layer0",
          "tintindex": 0
        }
      }
    },
    {
      "from": [
        -16,
        -16,
        32
      ],
      "to": [
        32,
        0,
        32
      ],
      "light_emission": 15,
      "rotation": {
        "angle": 0,
        "axis": "y",
        "origin": [
          31,
          -16,
          32
        ]
      },
      "faces": {
        "north": {
          "uv": [
            0,
            0,
            16,
            16
          ],
          "texture": "#layer0",
          "tintindex": 0
        },
        "south": {
          "uv": [
            0,
            0,
            16,
            16
          ],
          "texture": "#layer0",
          "tintindex": 0
        }
      }
    }
  ],
  "display": {
    "ground": {
      "translation": [
        0,
        -6.5,
        0
      ],
      "scale": [
        0.6,
        0.6,
        0.6
      ]
    }
  }
}