{
	"credit": "Made with Blockbench",
	"textures": {
		"0": "item/arcade_entities/entity_fakesky",
		"particle": "item/arcade_entities/entity_fakesky"
	},
	"elements": [
		{
			"from": [-16, -16, -16],
			"to": [32, 32, -16],
			"light_emission": 5,
			"rotation": {"angle": 0, "axis": "y", "origin": [0, 0, -16]},
			"faces": {
				"south": {"uv": [0, 0, 16, 16], "texture": "#0", "tintindex": 0}
			}
		},
		{
			"from": [-16, -16, 32],
			"to": [32, 32, 32],
			"light_emission": 5,
			"rotation": {"angle": 0, "axis": "y", "origin": [0, 0, 30]},
			"faces": {
				"north": {"uv": [0, 0, 16, 16], "texture": "#0", "tintindex": 0}
			}
		},
		{
			"from": [-16, -16, -16],
			"to": [-16, 32, 32],
			"light_emission": 5,
			"rotation": {"angle": 0, "axis": "y", "origin": [-16, 0, 0]},
			"faces": {
				"east": {"uv": [0, 0, 16, 16], "texture": "#0", "tintindex": 0}
			}
		},
		{
			"from": [32, -16, -16],
			"to": [32, 32, 32],
			"light_emission": 5,
			"rotation": {"angle": 0, "axis": "y", "origin": [30, 0, 0]},
			"faces": {
				"west": {"uv": [0, 0, 16, 16], "texture": "#0", "tintindex": 0}
			}
		},
		{
			"from": [-16, -16, -16],
			"to": [32, -16, 32],
			"light_emission": 5,
			"rotation": {"angle": 0, "axis": "y", "origin": [0, -16, 0]},
			"faces": {
				"up": {"uv": [0, 0, 16, 16], "texture": "#0", "tintindex": 0}
			}
		},
		{
			"from": [-16, 32, -16],
			"to": [32, 32, 32],
			"light_emission": 5,
			"rotation": {"angle": 0, "axis": "y", "origin": [0, 30, 0]},
			"faces": {
				"down": {"uv": [0, 0, 16, 16], "texture": "#0", "tintindex": 0}
			}
		}
	],
	"display": {}
}