{
  "description": " ",
  "supported_items": "air",
  "weight": 1,
  "max_level": 1,
  "min_cost": {
    "base": 0,
    "per_level_above_first": 0
  },
  "max_cost": {
    "base": 0,
    "per_level_above_first": 0
  },
  "anvil_cost": 0,
  "slots": [
    "any"
  ],
  "effects": {
    "minecraft:tick": [
      {
        "requirements": {
          "condition": "minecraft:time_check",
          "value": 1,
          "period": 160
        },
        "effect": {
          "type": "minecraft:run_function",
          "function": "arcade:protect_crystal/spawn/runtime/admin_act"
        }
      },
      {
        "requirements": {
          "condition": "minecraft:time_check",
          "value": 1,
          "period": 160
        },
        "effect": {
          "type": "minecraft:run_function",
          "function": "arcade:protect_crystal/spawn/display/update_enemy"
        }
      },
      {
        "requirements": {
          "condition": "minecraft:time_check",
          "value": 1,
          "period": 80
        },
        "effect": {
          "type": "minecraft:run_function",
          "function": "arcade:protect_crystal/spawn/display/update_health"
        }
      },
      {
        "requirements": {
          "condition": "minecraft:all_of",
          "terms": [
            {
              "condition": "minecraft:time_check",
              "value": 1,
              "period": 100
            },
            {
              "condition": "minecraft:entity_properties",
              "entity": "this",
              "predicate": {
                "passenger": {
                  "slots": {
                    "container.0": {
                      "components": {
                        "minecraft:custom_model_data": {
                          "floats": [
                            2
                          ]
                        }
                      },
                      "predicates": {
                        "minecraft:damage": {
                          "damage": {
                            "min": 0,
                            "max": 100
                          }
                        }
                      }
                    }
                  }
                }
              }
            }
          ]
        },
        "effect": {
          "type": "minecraft:run_function",
          "function": "arcade:protect_crystal/spawn/display/update_crystal"
        }
      }
    ],
    "minecraft:prevent_equipment_drop": {}
  }
}