{
  "description": " ",
  "supported_items": "air",
  "weight": 1,
  "max_level": 1,
  "min_cost": {
    "base": 0,
    "per_level_above_first": 0
  },
  "max_cost": {
    "base": 0,
    "per_level_above_first": 0
  },
  "anvil_cost": 0,
  "slots": [
    "any"
  ],
  "effects": {
    "minecraft:post_attack": [
      {
        "requirements": {
          "condition": "minecraft:time_check",
          "value": {
            "min": 1,
            "max": 20
          },
          "period": 100
        },
        "effect": {
          "type": "minecraft:play_sound",
          "sound": {
            "sound_id": "minecraft:entity.breeze.deflect",
            "range": 255
          },
          "volume": 1,
          "pitch": {
            "type": "minecraft:uniform",
            "min_inclusive": 0.5,
            "max_exclusive": 1.3
          }
        },
        "enchanted": "victim",
        "affected": "victim"
      }
    ]
  }
}