{
    "description": " ",
    "supported_items": "air",
    "weight": 1,
    "max_level": 1,
    "min_cost": {
      "base": 0,
      "per_level_above_first": 0
    },
    "max_cost": {
      "base": 0,
      "per_level_above_first": 0
    },
    "anvil_cost": 0,
    "slots": [
      "any"
    ],
    "effects": {
      "minecraft:location_changed": [
        {
          "requirements": {
            "condition": "minecraft:entity_properties",
            "entity": "this",
            "predicate": {}
          },
          "effect": {
            "type": "minecraft:run_function",
            "function": "arcade:protect_crystal/item/end_core/cast"
          }
        }
      ],
      "minecraft:prevent_equipment_drop": {}
    }
  }