{
	"credit": "Made with Blockbench",
	"textures": {
		"1": "item/arcade_items/skull_keeper_husk",
		"particle": "item/arcade_items/skull_keeper_husk"
	},
	"elements": [
		{
			"name": "head",
			"from": [0, 0, 0],
			"to": [16, 16, 16],
			"faces": {
				"north": {"uv": [4, 4, 8, 8], "texture": "#1"},
				"east": {"uv": [0, 4, 4, 8], "texture": "#1"},
				"south": {"uv": [4, 8, 8, 12], "texture": "#1"},
				"west": {"uv": [0, 8, 4, 12], "texture": "#1"},
				"up": {"uv": [0, 0, 4, 4], "texture": "#1"},
				"down": {"uv": [4, 0, 8, 4], "texture": "#1"}
			}
		},
		{
			"name": "eye1",
			"from": [10, 6, -0.01],
			"to": [14, 8, -0.01],
			"light_emission": 15,
			"rotation": {"angle": 0, "axis": "y", "origin": [10, 6, 0]},
			"faces": {
				"north": {"uv": [4.5, 6, 5.5, 6.5], "texture": "#1"}
			}
		},
		{
			"name": "eye2",
			"from": [2, 6, -0.01],
			"to": [6, 8, -0.01],
			"light_emission": 15,
			"rotation": {"angle": 0, "axis": "y", "origin": [2, 6, 0]},
			"faces": {
				"north": {"uv": [6.5, 6, 7.5, 6.5], "texture": "#1"}
			}
		},
		{
			"name": "kelp",
			"from": [-0.02, -0.02, -0.02],
			"to": [16.02, 16.02, 16.02],
			"rotation": {"angle": 0, "axis": "y", "origin": [-1, -1, 0]},
			"faces": {
				"north": {"uv": [12, 4, 16, 8], "texture": "#1"},
				"east": {"uv": [8, 4, 12, 8], "texture": "#1"},
				"south": {"uv": [12, 8, 16, 12], "texture": "#1"},
				"west": {"uv": [8, 8, 12, 12], "texture": "#1"},
				"up": {"uv": [8, 0, 12, 4], "texture": "#1"}
			}
		},
		{
			"name": "cactus",
			"from": [-5, 2, 2],
			"to": [0, 8, 7],
			"rotation": {"angle": 0, "axis": "y", "origin": [-2, 2, 2]},
			"faces": {
				"north": {"uv": [8.25, 12, 11.75, 16], "texture": "#1"},
				"east": {"uv": [8.25, 12, 11.75, 16], "texture": "#1"},
				"south": {"uv": [8.25, 12, 11.75, 16], "texture": "#1"},
				"west": {"uv": [8.25, 12, 11.75, 16], "texture": "#1"},
				"up": {"uv": [12.25, 12.25, 15.75, 15.75], "texture": "#1"},
				"down": {"uv": [12.25, 12.25, 15.75, 15.75], "texture": "#1"}
			}
		},
		{
			"name": "cactus",
			"from": [15, -2, 6],
			"to": [20, 4, 11],
			"rotation": {"angle": 0, "axis": "y", "origin": [18, -2, 6]},
			"faces": {
				"north": {"uv": [8.25, 12, 11.75, 16], "texture": "#1"},
				"east": {"uv": [8.25, 12, 11.75, 16], "texture": "#1"},
				"south": {"uv": [8.25, 12, 11.75, 16], "texture": "#1"},
				"west": {"uv": [8.25, 12, 11.75, 16], "texture": "#1"},
				"up": {"uv": [12.25, 12.25, 15.75, 15.75], "texture": "#1"},
				"down": {"uv": [12.25, 12.25, 15.75, 15.75], "texture": "#1"}
			}
		},
		{
			"name": "cactus",
			"from": [15, 4, 6],
			"to": [20, 10, 11],
			"rotation": {"angle": 0, "axis": "y", "origin": [18, 4, 6]},
			"faces": {
				"north": {"uv": [8.25, 12, 11.75, 16], "texture": "#1"},
				"east": {"uv": [8.25, 12, 11.75, 16], "texture": "#1"},
				"south": {"uv": [8.25, 12, 11.75, 16], "texture": "#1"},
				"west": {"uv": [8.25, 12, 11.75, 16], "texture": "#1"},
				"up": {"uv": [12.25, 12.25, 15.75, 15.75], "texture": "#1"},
				"down": {"uv": [4.25, 12.25, 7.75, 15.75], "texture": "#1"}
			}
		},
		{
			"name": "cactus",
			"from": [1, 16, 9],
			"to": [7, 22, 15],
			"rotation": {"angle": 0, "axis": "y", "origin": [3, 16, 11]},
			"faces": {
				"north": {"uv": [8.25, 12, 11.75, 16], "texture": "#1"},
				"east": {"uv": [8.25, 12, 11.75, 16], "texture": "#1"},
				"south": {"uv": [8.25, 12, 11.75, 16], "texture": "#1"},
				"west": {"uv": [8.25, 12, 11.75, 16], "texture": "#1"},
				"up": {"uv": [12.25, 12.25, 15.75, 15.75], "texture": "#1"},
				"down": {"uv": [4.25, 12.25, 7.75, 15.75], "texture": "#1"}
			}
		},
		{
			"name": "cactus",
			"from": [7, 16, 3],
			"to": [11, 20, 7],
			"rotation": {"angle": 0, "axis": "y", "origin": [9, 16, 3]},
			"faces": {
				"north": {"uv": [8.25, 12, 11.75, 16], "texture": "#1"},
				"east": {"uv": [8.25, 12, 11.75, 16], "texture": "#1"},
				"south": {"uv": [8.25, 12, 11.75, 16], "texture": "#1"},
				"west": {"uv": [8.25, 12, 11.75, 16], "texture": "#1"},
				"up": {"uv": [12.25, 12.25, 15.75, 15.75], "texture": "#1"},
				"down": {"uv": [4.25, 12.25, 7.75, 15.75], "texture": "#1"}
			}
		},
		{
			"name": "cactus",
			"from": [7, 20, 3],
			"to": [11, 24, 7],
			"rotation": {"angle": 0, "axis": "y", "origin": [9, 20, 3]},
			"faces": {
				"north": {"uv": [8.25, 12, 11.75, 16], "texture": "#1"},
				"east": {"uv": [8.25, 12, 11.75, 16], "texture": "#1"},
				"south": {"uv": [8.25, 12, 11.75, 16], "texture": "#1"},
				"west": {"uv": [8.25, 12, 11.75, 16], "texture": "#1"},
				"up": {"uv": [12.25, 12.25, 15.75, 15.75], "texture": "#1"},
				"down": {"uv": [4.25, 12.25, 7.75, 15.75], "texture": "#1"}
			}
		},
		{
			"name": "cactus",
			"from": [5, 20, 13],
			"to": [9, 24, 17],
			"rotation": {"angle": 0, "axis": "y", "origin": [7, 20, 13]},
			"faces": {
				"north": {"uv": [8.25, 12, 11.75, 16], "texture": "#1"},
				"east": {"uv": [8.25, 12, 11.75, 16], "texture": "#1"},
				"south": {"uv": [8.25, 12, 11.75, 16], "texture": "#1"},
				"west": {"uv": [8.25, 12, 11.75, 16], "texture": "#1"},
				"up": {"uv": [12.25, 12.25, 15.75, 15.75], "texture": "#1"},
				"down": {"uv": [12.25, 12.25, 15.75, 15.75], "texture": "#1"}
			}
		}
	],
	"display": {
		"thirdperson_righthand": {
			"rotation": [40, -45, -45],
			"scale": [0.3, 0.3, 0.3]
		},
		"thirdperson_lefthand": {
			"rotation": [40, -45, -45],
			"scale": [0.3, 0.3, 0.3]
		},
		"firstperson_righthand": {
			"scale": [0.4, 0.4, 0.4]
		},
		"firstperson_lefthand": {
			"scale": [0.4, 0.4, 0.4]
		},
		"ground": {
			"scale": [0.31, 0.31, 0.31]
		},
		"gui": {
			"rotation": [-145, 45, 180],
			"translation": [0, -0.75, 0],
			"scale": [0.5, 0.5, 0.5]
		},
		"head": {
			"scale": [0.81, 0.81, 0.81]
		},
		"fixed": {
			"scale": [0.75, 0.75, 0.75]
		}
	}
}