{
	"credit": "Made with Blockbench",
	"textures": {
		"0": "item/arcade_items/skull_command_husk",
		"particle": "item/arcade_items/skull_command_husk"
	},
	"elements": [
		{
			"from": [0, 0, 0],
			"to": [16, 16, 16],
			"faces": {
				"north": {"uv": [4, 4, 8, 8], "texture": "#0"},
				"east": {"uv": [0, 4, 4, 8], "texture": "#0"},
				"south": {"uv": [4, 8, 8, 12], "texture": "#0"},
				"west": {"uv": [0, 8, 4, 12], "texture": "#0"},
				"up": {"uv": [0, 0, 4, 4], "texture": "#0"},
				"down": {"uv": [4, 0, 8, 4], "texture": "#0"}
			}
		},
		{
			"name": "eye1",
			"from": [10, 6, -0.01],
			"to": [14, 8, -0.01],
			"light_emission": 15,
			"rotation": {"angle": 0, "axis": "y", "origin": [10, 6, 0]},
			"faces": {
				"north": {"uv": [4.5, 6, 5.5, 6.5], "texture": "#0"}
			}
		},
		{
			"name": "eye2",
			"from": [2, 6, -0.01],
			"to": [6, 8, -0.01],
			"light_emission": 15,
			"rotation": {"angle": 0, "axis": "y", "origin": [2, 6, 0]},
			"faces": {
				"north": {"uv": [6.5, 6, 7.5, 6.5], "texture": "#0"}
			}
		}
	],
	"display": {
		"thirdperson_righthand": {
			"rotation": [40, -45, -45],
			"scale": [0.3, 0.3, 0.3]
		},
		"thirdperson_lefthand": {
			"rotation": [40, -45, -45],
			"scale": [0.3, 0.3, 0.3]
		},
		"firstperson_righthand": {
			"scale": [0.4, 0.4, 0.4]
		},
		"firstperson_lefthand": {
			"scale": [0.4, 0.4, 0.4]
		},
		"ground": {
			"scale": [0.31, 0.31, 0.31]
		},
		"gui": {
			"rotation": [-145, 45, 180],
			"scale": [0.5, 0.5, 0.5]
		},
		"head": {
			"scale": [0.81, 0.81, 0.81]
		},
		"fixed": {
			"scale": [0.75, 0.75, 0.75]
		}
	}
}