{
	"credit": "Made with Blockbench",
	"textures": {
		"0": "item/arcade_items/skull_command_skeleton",
		"1": "item/arcade_items/helmet_brawler",
		"particle": "item/arcade_items/skull_command_skeleton"
	},
	"elements": [
		{
			"name": "head",
			"from": [0, 0, 0],
			"to": [16, 16, 16],
			"faces": {
				"north": {"uv": [4, 4, 8, 8], "texture": "#0"},
				"east": {"uv": [0, 4, 4, 8], "texture": "#0"},
				"south": {"uv": [4, 8, 8, 12], "texture": "#0"},
				"west": {"uv": [0, 8, 4, 12], "texture": "#0"},
				"up": {"uv": [0, 0, 4, 4], "texture": "#0"},
				"down": {"uv": [4, 0, 8, 4], "texture": "#0"}
			}
		},
		{
			"name": "mouth",
			"from": [2, 2, -0.01],
			"to": [14, 4, -0.01],
			"light_emission": 15,
			"rotation": {"angle": 0, "axis": "y", "origin": [2, 2, 0]},
			"faces": {
				"north": {"uv": [4.5, 7, 7.5, 7.5], "texture": "#0"}
			}
		},
		{
			"name": "eye1",
			"from": [10, 6, -0.01],
			"to": [14, 8, -0.01],
			"light_emission": 15,
			"rotation": {"angle": 0, "axis": "y", "origin": [2, 6, 0]},
			"faces": {
				"north": {"uv": [4.5, 6, 5.5, 6.5], "texture": "#0"}
			}
		},
		{
			"name": "eye2",
			"from": [2, 6, -0.01],
			"to": [6, 8, -0.01],
			"light_emission": 15,
			"rotation": {"angle": 0, "axis": "y", "origin": [-6, 6, 0]},
			"faces": {
				"north": {"uv": [6.5, 6, 7.5, 6.5], "texture": "#0"}
			}
		},
		{
			"name": "hel_left",
			"from": [-1, -1, -1],
			"to": [-1, 17, 17],
			"rotation": {"angle": 0, "axis": "y", "origin": [-1, 0, 0]},
			"faces": {
				"east": {"uv": [0, 4, 4, 8], "texture": "#1"},
				"west": {"uv": [0, 8, 4, 12], "texture": "#1"}
			}
		},
		{
			"name": "hel_right",
			"from": [17, -1, -1],
			"to": [17, 17, 17],
			"rotation": {"angle": 0, "axis": "y", "origin": [17, 0, 0]},
			"faces": {
				"east": {"uv": [0, 4, 4, 8], "texture": "#1"},
				"west": {"uv": [0, 8, 4, 12], "texture": "#1"}
			}
		},
		{
			"name": "hel_down",
			"from": [-1, -1, -1],
			"to": [17, -1, 17],
			"rotation": {"angle": 0, "axis": "y", "origin": [-1, -1, 15]},
			"faces": {
				"up": {"uv": [4, 4, 8, 0], "texture": "#1"},
				"down": {"uv": [4, 0, 8, 4], "texture": "#1"}
			}
		},
		{
			"name": "hel_upwr",
			"from": [-1, 17, -1],
			"to": [17, 17, 17],
			"rotation": {"angle": 0, "axis": "y", "origin": [-1, 17, 15]},
			"faces": {
				"up": {"uv": [0, 0, 4, 4], "texture": "#1"},
				"down": {"uv": [0, 4, 4, 0], "texture": "#1"}
			}
		},
		{
			"name": "hel_back",
			"from": [-1, -1, 17],
			"to": [17, 17, 17],
			"rotation": {"angle": 0, "axis": "y", "origin": [-1, -1, 15]},
			"faces": {
				"north": {"uv": [8, 8, 4, 12], "texture": "#1"},
				"south": {"uv": [4, 8, 8, 12], "texture": "#1"}
			}
		},
		{
			"name": "hel_front",
			"from": [-1, -1, -1],
			"to": [17, 17, -1],
			"rotation": {"angle": 0, "axis": "y", "origin": [-1, -1, -3]},
			"faces": {
				"north": {"uv": [8, 4, 4, 8], "texture": "#1"},
				"south": {"uv": [4, 4, 8, 8], "texture": "#1"}
			}
		},
		{
			"name": "chin_front",
			"from": [-1, 0, -2],
			"to": [17, 4, 0],
			"rotation": {"angle": -22.5, "axis": "x", "origin": [17, 0, 13]},
			"faces": {
				"north": {"uv": [12, 0, 16, 0.75], "texture": "#1"},
				"south": {"uv": [12, 0, 16, 0.75], "texture": "#1"},
				"up": {"uv": [12, 0, 16, 0.25], "texture": "#1"},
				"down": {"uv": [12, 0.5, 16, 0.75], "texture": "#1"}
			}
		},
		{
			"name": "chin_left",
			"from": [-2, 0, -2],
			"to": [-1, 4, 15],
			"rotation": {"angle": -22.5, "axis": "x", "origin": [-2, 0, 13]},
			"faces": {
				"north": {"uv": [16, 3.25, 15.75, 4], "texture": "#1"},
				"east": {"uv": [12, 3.25, 16, 4], "texture": "#1"},
				"south": {"uv": [12, 3.25, 12.25, 4], "texture": "#1"},
				"west": {"uv": [12, 3.25, 16, 4], "rotation": 180, "texture": "#1"},
				"up": {"uv": [12, 3.5, 16, 3.25], "rotation": 270, "texture": "#1"},
				"down": {"uv": [12, 3.75, 16, 4], "rotation": 90, "texture": "#1"}
			}
		},
		{
			"name": "chin_right",
			"from": [17, 0, -2],
			"to": [18, 4, 15],
			"rotation": {"angle": -22.5, "axis": "x", "origin": [17, 0, 13]},
			"faces": {
				"north": {"uv": [16, 3.25, 15.75, 4], "texture": "#1"},
				"east": {"uv": [12, 3.25, 16, 4], "texture": "#1"},
				"south": {"uv": [12, 3.25, 12.25, 4], "texture": "#1"},
				"west": {"uv": [12, 3.25, 16, 4], "rotation": 180, "texture": "#1"},
				"up": {"uv": [12, 3.5, 16, 3.25], "rotation": 270, "texture": "#1"},
				"down": {"uv": [12, 3.75, 16, 4], "rotation": 90, "texture": "#1"}
			}
		},
		{
			"name": "cover_front",
			"from": [-1, 11, -4],
			"to": [17, 17, 0],
			"rotation": {"angle": 22.5, "axis": "x", "origin": [18, 15, 5]},
			"faces": {
				"north": {"uv": [12, 4, 16, 5.25], "texture": "#1"},
				"south": {"uv": [12, 4, 16, 5.25], "texture": "#1"},
				"up": {"uv": [12, 4.25, 16, 4], "texture": "#1"},
				"down": {"uv": [12, 5, 16, 5.25], "texture": "#1"}
			}
		},
		{
			"name": "cover_right",
			"from": [17, 11, -4],
			"to": [19, 17, 15],
			"rotation": {"angle": 22.5, "axis": "x", "origin": [17, 15, 5]},
			"faces": {
				"north": {"uv": [15.75, 6.75, 16, 8], "texture": "#1"},
				"east": {"uv": [12, 6.75, 16, 8], "texture": "#1"},
				"south": {"uv": [12, 6.75, 12.25, 8], "texture": "#1"},
				"west": {"uv": [12, 6.75, 16, 8], "rotation": 180, "texture": "#1"},
				"up": {"uv": [12, 6.75, 16, 7], "rotation": 270, "texture": "#1"},
				"down": {"uv": [12, 7.75, 16, 8], "rotation": 90, "texture": "#1"}
			}
		},
		{
			"name": "cover_left",
			"from": [-3, 11, -4],
			"to": [-1, 17, 15],
			"rotation": {"angle": 22.5, "axis": "x", "origin": [-3, 15, 5]},
			"faces": {
				"north": {"uv": [15.75, 6.75, 16, 8], "texture": "#1"},
				"east": {"uv": [12, 6.75, 16, 8], "texture": "#1"},
				"south": {"uv": [12, 6.75, 12.25, 8], "texture": "#1"},
				"west": {"uv": [12, 6.75, 16, 8], "rotation": 180, "texture": "#1"},
				"up": {"uv": [12, 6.75, 16, 7], "rotation": 270, "texture": "#1"},
				"down": {"uv": [12, 7.75, 16, 8], "rotation": 90, "texture": "#1"}
			}
		},
		{
			"name": "cover_front_light",
			"from": [-1, 11, -4.01],
			"to": [17, 17, -4.01],
			"light_emission": 15,
			"rotation": {"angle": 22.5, "axis": "x", "origin": [18, 15, 5]},
			"faces": {
				"north": {"uv": [12, 8, 16, 9.25], "texture": "#1"}
			}
		},
		{
			"name": "decoration_top",
			"from": [6, 17, 6],
			"to": [10, 20, 17],
			"light_emission": 10,
			"rotation": {"angle": 0, "axis": "y", "origin": [7, 17, 3]},
			"faces": {
				"north": {"uv": [9.5, 2, 10.5, 2.5], "rotation": 180, "texture": "#1"},
				"east": {"uv": [9.5, 0, 10, 2.25], "rotation": 90, "texture": "#1"},
				"west": {"uv": [9.75, 0, 10.5, 2.25], "rotation": 270, "texture": "#1"},
				"up": {"uv": [9.5, 0, 10.5, 2], "texture": "#1"},
				"down": {"uv": [0, 0, 4, 16], "texture": "#1"}
			}
		},
		{
			"name": "decoration_back",
			"from": [6, 4, 17],
			"to": [10, 20, 20],
			"light_emission": 10,
			"rotation": {"angle": 0, "axis": "y", "origin": [7, 15, 3]},
			"faces": {
				"east": {"uv": [9.5, 4, 10.25, 7], "texture": "#1"},
				"south": {"uv": [9.5, 4, 10.5, 7], "texture": "#1"},
				"west": {"uv": [9.75, 4, 10.5, 7], "texture": "#1"},
				"up": {"uv": [9.5, 1.75, 10.5, 2.5], "texture": "#1"},
				"down": {"uv": [9.5, 4, 10.5, 4.75], "texture": "#1"}
			}
		}
	],
	"display": {
		"thirdperson_righthand": {
			"rotation": [40, -45, -45],
			"scale": [0.3, 0.3, 0.3]
		},
		"thirdperson_lefthand": {
			"rotation": [40, -45, -45],
			"scale": [0.3, 0.3, 0.3]
		},
		"firstperson_righthand": {
			"scale": [0.4, 0.4, 0.4]
		},
		"firstperson_lefthand": {
			"scale": [0.4, 0.4, 0.4]
		},
		"ground": {
			"scale": [0.31, 0.31, 0.31]
		},
		"gui": {
			"rotation": [-145, 45, 180],
			"scale": [0.5, 0.5, 0.5]
		},
		"head": {
			"scale": [0.81, 0.81, 0.81]
		},
		"fixed": {
			"scale": [0.75, 0.75, 0.75]
		}
	},
	"groups": [
		0,
		1,
		2,
		3,
		{
			"name": "helmet",
			"origin": [8, 8, 8],
			"color": 0,
			"children": [4, 5, 6, 7, 8, 9, 10, 11, 12, 13, 14, 15, 16]
		},
		17,
		18
	]
}