{
	"credit": "Made with Blockbench",
	"textures": {
		"0": "item/arcade_items/skull_unknownerror_zombie",
		"1": "item/arcade_items/glitch_texture",
		"particle": "item/arcade_items/skull_unknownerror_zombie"
	},
	"elements": [
		{
			"from": [0, 0, 0],
			"to": [16, 16, 16],
			"light_emission": 15,
			"faces": {
				"north": {"uv": [4, 4, 8, 8], "texture": "#0"},
				"east": {"uv": [0, 4, 4, 8], "texture": "#0"},
				"south": {"uv": [4, 8, 8, 12], "texture": "#0"},
				"west": {"uv": [0, 8, 4, 12], "texture": "#0"},
				"up": {"uv": [0, 0, 4, 4], "texture": "#0"},
				"down": {"uv": [4, 0, 8, 4], "texture": "#0"}
			}
		},
		{
			"name": "eye1",
			"from": [10, 6, -0.01],
			"to": [15, 10, -0.01],
			"light_emission": 15,
			"rotation": {"angle": 0, "axis": "y", "origin": [10, 6, 0]},
			"faces": {
				"north": {"uv": [4.5, 6, 5.5, 6.5], "texture": "#0"}
			}
		},
		{
			"name": "eye2",
			"from": [0, 6, -0.01],
			"to": [6, 10, -0.01],
			"rotation": {"angle": -22.5, "axis": "z", "origin": [2, 6, 0]},
			"faces": {
				"north": {"uv": [6.5, 6, 7.5, 6.5], "texture": "#0"}
			}
		},
		{
			"name": "face_bug_01",
			"from": [-5, 0, -0.02],
			"to": [16, 23, -0.02],
			"light_emission": 15,
			"faces": {
				"north": {"uv": [12.5, 0, 16, 3], "texture": "#0"},
				"south": {"uv": [8, 1.75, 16, 6.75], "texture": "#0"}
			}
		},
		{
			"name": "face_bug_02",
			"from": [-11, 0, 6.98],
			"to": [21, 23, 6.98],
			"light_emission": 15,
			"rotation": {"angle": 45, "axis": "y", "origin": [5, 0, 7]},
			"faces": {
				"north": {"uv": [8, 0, 16, 8], "texture": "#1"},
				"south": {"uv": [8, 0, 16, 8], "texture": "#1"}
			}
		},
		{
			"name": "input_bug",
			"from": [-16, 25, 12],
			"to": [32, 32, 12],
			"light_emission": 15,
			"rotation": {"angle": 0, "axis": "y", "origin": [0, 25, 12]},
			"faces": {
				"north": {"uv": [0, 8.5, 16, 15.5], "texture": "#1"},
				"south": {"uv": [0, 8.5, 16, 15.5], "rotation": 180, "texture": "#1"}
			}
		}
	],
	"display": {
		"thirdperson_righthand": {
			"rotation": [40, -45, -45],
			"scale": [0.3, 0.3, 0.3]
		},
		"thirdperson_lefthand": {
			"rotation": [40, -45, -45],
			"scale": [0.3, 0.3, 0.3]
		},
		"firstperson_righthand": {
			"scale": [0.4, 0.4, 0.4]
		},
		"firstperson_lefthand": {
			"scale": [0.4, 0.4, 0.4]
		},
		"ground": {
			"scale": [0.31, 0.31, 0.31]
		},
		"gui": {
			"rotation": [-145, 45, 180],
			"scale": [0.5, 0.5, 0.5]
		},
		"head": {
			"scale": [0.81, 0.81, 0.81]
		},
		"fixed": {
			"scale": [0.75, 0.75, 0.75]
		}
	}
}