{
    "description": " ",
    "supported_items": "air",
    "weight": 1,
    "max_level": 1,
    "min_cost": {
      "base": 0,
      "per_level_above_first": 0
    },
    "max_cost": {
      "base": 0,
      "per_level_above_first": 0
    },
    "anvil_cost": 0,
    "slots": [
      "any"
    ],
    "effects": {
      "minecraft:post_attack": [
        {
          "requirements": {
            "condition": "minecraft:inverted",
            "term": {
              "condition": "minecraft:all_of",
              "terms": [
                {
                  "condition": "minecraft:entity_properties",
                  "entity": "attacker",
                  "predicate": {
                    "type": "minecraft:player"
                  }
                },
                {
                  "condition": "minecraft:entity_properties",
                  "entity": "this",
                  "predicate": {
                    "targeted_entity": {
                      "type": "minecraft:player"
                    }
                  }
                }
              ]
            }
          },
          "effect": {
            "type": "minecraft:run_function",
            "function": "arcade:protect_crystal/entity/enemy_brainwash"
          },
          "enchanted": "victim",
          "affected": "victim"
        },
        {
          "requirements": {
            "condition": "minecraft:entity_properties",
            "entity": "this",
            "predicate": {
              "nbt": "{Health:0.0f}"
            }
          },
          "effect": {
            "type": "minecraft:run_function",
            "function": "arcade:protect_crystal/entity/cmd_cooldown/endtask"
          },
          "enchanted": "victim",
          "affected": "victim"
        }
      ],
      "minecraft:location_changed": [
        {
          "requirements": {
            "condition": "minecraft:all_of",
            "terms": [
              {
                "condition": "minecraft:inverted",
                "term": {
                  "condition": "minecraft:entity_properties",
                  "entity": "this",
                  "predicate": {
                    "targeted_entity": {
                      "type": "minecraft:player"
                    }
                  }
                }
              }
            ]
          },
          "effect": {
            "type": "minecraft:attribute",
            "attribute": "minecraft:follow_range",
            "id": "debug_follow_aoe",
            "amount": 90,
            "operation": "add_value"
          }
        },
        {
          "requirements": {
            "condition": "minecraft:entity_properties",
            "entity": "this",
            "predicate": {
              "effects": {
                "minecraft:saturation": {
                  "amplifier": 255
                }
              }
            }
          },
          "effect": {
            "type": "minecraft:attribute",
            "attribute": "minecraft:follow_range",
            "id": "debug_unfollow",
            "amount": -500,
            "operation": "add_value"
          }
        },
        {
          "effect": {
            "type": "minecraft:run_function",
            "function": "arcade:protect_crystal/entity/cmd_cooldown/aoe_effect"
          }
        }
      ],
      "minecraft:mob_experience": [
        {
          "effect": {
            "type": "minecraft:set",
            "value": -1040
          }
        }
      ]
    }
  }