{
    "description": " ",
    "supported_items": "air",
    "weight": 1,
    "max_level": 1,
    "min_cost": {
      "base": 0,
      "per_level_above_first": 0
    },
    "max_cost": {
      "base": 0,
      "per_level_above_first": 0
    },
    "anvil_cost": 0,
    "slots": [
      "any"
    ],
    "effects": {
      "minecraft:post_attack": [
        {
          "requirements": {
            "condition": "minecraft:inverted",
            "term": {
              "condition": "minecraft:all_of",
              "terms": [
                {
                  "condition": "minecraft:entity_properties",
                  "entity": "attacker",
                  "predicate": {
                    "type": "minecraft:player"
                  }
                },
                {
                  "condition": "minecraft:entity_properties",
                  "entity": "this",
                  "predicate": {
                    "targeted_entity": {
                      "type": "minecraft:player"
                    }
                  }
                }
              ]
            }
          },
          "effect": {
            "type": "minecraft:run_function",
            "function": "arcade:protect_crystal/entity/enemy_brainwash"
          },
          "enchanted": "victim",
          "affected": "victim"
        },
        {
          "requirements": {
            "condition": "minecraft:inverted",
            "term": {
              "condition": "minecraft:entity_properties",
              "entity": "this",
              "predicate": {
                "effects": {
                  "minecraft:mining_fatigue": {
                    "amplifier": 255,
                    "duration": {
                      "min": 100,
                      "max": 300
                    }
                  }
                }
              }
            }
          },
          "effect": {
            "type": "minecraft:apply_mob_effect",
            "to_apply": "minecraft:mining_fatigue",
            "min_duration": 15,
            "max_duration": 15,
            "min_amplifier": 255,
            "max_amplifier": 255
          },
          "enchanted": "victim",
          "affected": "victim"
        },
        {
          "requirements": {
            "condition": "minecraft:all_of",
            "terms": [
              {
                "condition": "minecraft:entity_properties",
                "entity": "this",
                "predicate": {
                  "effects": {
                    "minecraft:invisibility": {}
                  }
                }
              },
              {
                "condition": "minecraft:damage_source_properties",
                "predicate": {
                  "source_entity": {
                    "type": "minecraft:player"
                  },
                  "is_direct": true
                }
              }
            ]
          },
          "effect": {
            "type": "minecraft:run_function",
            "function": "arcade:protect_crystal/entity/cmd_error/go_visible"
          },
          "enchanted": "victim",
          "affected": "victim"
        }
      ],
      "minecraft:location_changed": [
        {
          "requirements": {
            "condition": "minecraft:all_of",
            "terms": [
              {
                "condition": "minecraft:inverted",
                "term": {
                  "condition": "minecraft:entity_properties",
                  "entity": "this",
                  "predicate": {
                    "targeted_entity": {
                      "type": "minecraft:player"
                    }
                  }
                }
              }
            ]
          },
          "effect": {
            "type": "minecraft:attribute",
            "attribute": "minecraft:follow_range",
            "id": "debug_follow_aoe",
            "amount": 90,
            "operation": "add_value"
          }
        },
        {
          "requirements": {
            "condition": "minecraft:entity_properties",
            "entity": "this",
            "predicate": {
              "effects": {
                "minecraft:saturation": {
                  "amplifier": 255
                }
              }
            }
          },
          "effect": {
            "type": "minecraft:attribute",
            "attribute": "minecraft:follow_range",
            "id": "debug_unfollow",
            "amount": -500,
            "operation": "add_value"
          }
        }
      ],
      "minecraft:tick": [
        {
          "requirements": {
            "condition": "minecraft:all_of",
            "terms": [
              {
                "condition": "minecraft:inverted",
                "term": {
                  "condition": "minecraft:entity_properties",
                  "entity": "this",
                  "predicate": {
                    "effects": {
                      "minecraft:mining_fatigue": {
                        "amplifier": 255
                      }
                    }
                  }
                }
              },
              {
                "condition": "minecraft:inverted",
                "term": {
                  "condition": "minecraft:entity_properties",
                  "entity": "this",
                  "predicate": {
                    "effects": {
                      "minecraft:invisibility": {}
                    }
                  }
                }
              },
              {
                "condition": "minecraft:time_check",
                "value": 1,
                "period": 80
              }
            ]
          },
          "effect": {
            "type": "minecraft:run_function",
            "function": "arcade:protect_crystal/entity/cmd_error/go_invisible"
          }
        }
      ],
      "minecraft:mob_experience": [
        {
          "effect": {
            "type": "minecraft:set",
            "value": -1040
          }
        }
      ]
    }
  }