{
  "description": " ",
  "supported_items": "air",
  "weight": 1,
  "max_level": 1,
  "min_cost": {
    "base": 0,
    "per_level_above_first": 0
  },
  "max_cost": {
    "base": 0,
    "per_level_above_first": 0
  },
  "anvil_cost": 0,
  "slots": [
    "any"
  ],
  "effects": {
    "minecraft:tick": [
      {
        "requirements": {
          "condition": "minecraft:all_of",
          "terms": [
            {
              "condition": "minecraft:time_check",
              "value": 1,
              "period": 40
            },
            {
              "condition": "minecraft:inverted",
              "term": {
                "condition": "minecraft:entity_properties",
                "entity": "this",
                "predicate": {
                  "effects": {
                    "minecraft:haste": {}
                  }
                }
              }
            }
          ]
        },
        "effect": {
          "type": "minecraft:apply_mob_effect",
          "to_apply": "minecraft:haste",
          "min_duration": 50,
          "max_duration": 60,
          "min_amplifier": 0,
          "max_amplifier": 0
        }
      }
    ],
    "minecraft:location_changed": [
      {
        "requirements": {
          "condition": "minecraft:all_of",
          "terms": [
            {
              "condition": "minecraft:entity_properties",
              "entity": "this",
              "predicate": {
                "effects": {
                  "minecraft:haste": {
                    "duration": {
                      "min": 160,
                      "max": 180
                    }
                  }
                }
              }
            }
          ]
        },
        "effect": {
          "type": "minecraft:play_sound",
          "sound": "minecraft:block.bell.use",
          "volume": 2,
          "pitch": 0.7
        }
      },
      {
        "requirements": {
          "condition": "minecraft:all_of",
          "terms": [
            {
              "condition": "minecraft:entity_properties",
              "entity": "this",
              "predicate": {
                "effects": {
                  "minecraft:haste": {
                    "duration": {
                      "min": 1,
                      "max": 21
                    }
                  }
                }
              }
            }
          ]
        },
        "effect": {
          "type": "minecraft:run_function",
          "function": "arcade:protect_crystal/entity/cmd_collector/cast_damage"
        }
      }
    ],
    "minecraft:post_attack": [
      {
        "requirements": {
          "condition": "minecraft:entity_properties",
          "entity": "this",
          "predicate": {
            "nbt": "{Health:0.0f}"
          }
        },
        "effect": {
          "type": "minecraft:run_function",
          "function": "arcade:protect_crystal/entity/cmd_collector/cast_item"
        },
        "enchanted": "victim",
        "affected": "victim"
      }
    ],
    "minecraft:mob_experience": [
      {
        "effect": {
          "type": "minecraft:set",
          "value": -1040
        }
      }
    ]
  }
}